<metadata xml:lang="en"><Esri><CreaDate>20201214</CreaDate><CreaTime>12285400</CreaTime><ArcGISFormat>1.0</ArcGISFormat><SyncOnce>FALSE</SyncOnce><DataProperties><itemProps><itemName Sync="TRUE">Hotel</itemName><imsContentType Sync="TRUE">002</imsContentType><itemLocation><linkage Sync="TRUE">file://\\DESKTOP-SAT4CBN\C$\Users\Roshan\Desktop\C2M2\Shapefiles\Final Files\Hotel.shp</linkage><protocol Sync="TRUE">Local Area Network</protocol></itemLocation><itemSize Sync="TRUE">0.000</itemSize></itemProps><coordRef><type Sync="TRUE">Geographic</type><geogcsn Sync="TRUE">GCS_WGS_1984</geogcsn><csUnits Sync="TRUE">Angular Unit: Degree (0.017453)</csUnits><peXml Sync="TRUE">&lt;GeographicCoordinateSystem xsi:type='typens:GeographicCoordinateSystem' xmlns:xsi='http://www.w3.org/2001/XMLSchema-instance' xmlns:xs='http://www.w3.org/2001/XMLSchema' xmlns:typens='http://www.esri.com/schemas/ArcGIS/10.5'&gt;&lt;WKT&gt;GEOGCS[&amp;quot;GCS_WGS_1984&amp;quot;,DATUM[&amp;quot;D_WGS_1984&amp;quot;,SPHEROID[&amp;quot;WGS_1984&amp;quot;,6378137.0,298.257223563]],PRIMEM[&amp;quot;Greenwich&amp;quot;,0.0],UNIT[&amp;quot;Degree&amp;quot;,0.0174532925199433],AUTHORITY[&amp;quot;EPSG&amp;quot;,4326]]&lt;/WKT&gt;&lt;XOrigin&gt;-400&lt;/XOrigin&gt;&lt;YOrigin&gt;-400&lt;/YOrigin&gt;&lt;XYScale&gt;11258999068426.238&lt;/XYScale&gt;&lt;ZOrigin&gt;-100000&lt;/ZOrigin&gt;&lt;ZScale&gt;10000&lt;/ZScale&gt;&lt;MOrigin&gt;-100000&lt;/MOrigin&gt;&lt;MScale&gt;10000&lt;/MScale&gt;&lt;XYTolerance&gt;8.983152841195215e-009&lt;/XYTolerance&gt;&lt;ZTolerance&gt;0.001&lt;/ZTolerance&gt;&lt;MTolerance&gt;0.001&lt;/MTolerance&gt;&lt;HighPrecision&gt;true&lt;/HighPrecision&gt;&lt;LeftLongitude&gt;-180&lt;/LeftLongitude&gt;&lt;WKID&gt;4326&lt;/WKID&gt;&lt;LatestWKID&gt;4326&lt;/LatestWKID&gt;&lt;/GeographicCoordinateSystem&gt;</peXml></coordRef><lineage><Process ToolSource="c:\program files (x86)\arcgis\desktop10.5\ArcToolbox\Toolboxes\Data Management Tools.tbx\Merge" Date="20201214" Time="122859">Merge hotelpoi;hotelarea C:\Users\Roshan\Documents\ArcGIS\Default.gdb\hotelpoi_Merge "id "id" true true false 254 Text 0 0 ,First,#,hotelpoi,id,-1,-1,hotelarea,id,-1,-1;F_id "F_id" true true false 254 Text 0 0 ,First,#,hotelpoi,@id,-1,-1;email "email" true true false 254 Text 0 0 ,First,#,hotelpoi,email,-1,-1,hotelarea,email,-1,-1;name "name" true true false 254 Text 0 0 ,First,#,hotelpoi,name,-1,-1,hotelarea,name,-1,-1;phone "phone" true true false 254 Text 0 0 ,First,#,hotelpoi,phone,-1,-1,hotelarea,phone,-1,-1;tourism "tourism" true true false 254 Text 0 0 ,First,#,hotelpoi,tourism,-1,-1,hotelarea,tourism,-1,-1;type "type" true true false 254 Text 0 0 ,First,#,hotelpoi,type,-1,-1,hotelarea,type,-1,-1;website "website" true true false 254 Text 0 0 ,First,#,hotelpoi,website,-1,-1,hotelarea,website,-1,-1;building "building" true true false 254 Text 0 0 ,First,#,hotelpoi,building,-1,-1,hotelarea,building,-1,-1;name_de "name_de" true true false 254 Text 0 0 ,First,#,hotelpoi,name_de,-1,-1,hotelarea,name_de,-1,-1;name_es "name_es" true true false 254 Text 0 0 ,First,#,hotelpoi,name_es,-1,-1,hotelarea,name_es,-1,-1;name_fr "name_fr" true true false 254 Text 0 0 ,First,#,hotelpoi,name_fr,-1,-1,hotelarea,name_fr,-1,-1;name_en "name_en" true true false 254 Text 0 0 ,First,#,hotelpoi,name_en,-1,-1,hotelarea,name_en,-1,-1;status "status" true true false 254 Text 0 0 ,First,#,hotelpoi,status,-1,-1,hotelarea,status,-1,-1;addr_city "addr_city" true true false 254 Text 0 0 ,First,#,hotelpoi,addr_city,-1,-1,hotelarea,addr_city,-1,-1;addr_stree "addr_stree" true true false 254 Text 0 0 ,First,#,hotelpoi,addr_stree,-1,-1,hotelarea,addr_stree,-1,-1;fax "fax" true true false 254 Text 0 0 ,First,#,hotelpoi,fax,-1,-1,hotelarea,fax,-1,-1;internet_a "internet_a" true true false 254 Text 0 0 ,First,#,hotelpoi,internet_a,-1,-1,hotelarea,internet_a,-1,-1;internet_1 "internet_1" true true false 254 Text 0 0 ,First,#,hotelpoi,internet_1,-1,-1,hotelarea,internet_1,-1,-1;source "source" true true false 254 Text 0 0 ,First,#,hotelpoi,source,-1,-1,hotelarea,source,-1,-1;addr_house "addr_house" true true false 254 Text 0 0 ,First,#,hotelpoi,addr_house,-1,-1,hotelarea,addr_house,-1,-1;wheelchair "wheelchair" true true false 254 Text 0 0 ,First,#,hotelpoi,wheelchair,-1,-1,hotelarea,wheelchair,-1,-1;wikidata "wikidata" true true false 254 Text 0 0 ,First,#,hotelpoi,wikidata,-1,-1,hotelarea,wikidata,-1,-1;area "area" true true false 254 Text 0 0 ,First,#,hotelpoi,area,-1,-1,hotelarea,area,-1,-1;addr_count "addr_count" true true false 254 Text 0 0 ,First,#,hotelpoi,addr_count,-1,-1,hotelarea,addr_count,-1,-1;barrier "barrier" true true false 254 Text 0 0 ,First,#,hotelpoi,barrier,-1,-1,hotelarea,barrier,-1,-1;toilets_wh "toilets_wh" true true false 254 Text 0 0 ,First,#,hotelpoi,toilets_wh,-1,-1,hotelarea,toilets_wh,-1,-1;addr_state "addr_state" true true false 254 Text 0 0 ,First,#,hotelpoi,addr_state,-1,-1,hotelarea,addr_state,-1,-1;stars "stars" true true false 254 Text 0 0 ,First,#,hotelpoi,stars,-1,-1,hotelarea,stars,-1,-1;building_a "building_a" true true false 254 Text 0 0 ,First,#,hotelpoi,building_a,-1,-1,hotelarea,building_a,-1,-1;building_g "building_g" true true false 254 Text 0 0 ,First,#,hotelpoi,building_g,-1,-1,hotelarea,building_g,-1,-1;building_l "building_l" true true false 254 Text 0 0 ,First,#,hotelpoi,building_l,-1,-1,hotelarea,building_l,-1,-1;building_o "building_o" true true false 254 Text 0 0 ,First,#,hotelpoi,building_o,-1,-1,hotelarea,building_o,-1,-1;building_s "building_s" true true false 254 Text 0 0 ,First,#,hotelpoi,building_s,-1,-1,hotelarea,building_s,-1,-1;building_1 "building_1" true true false 254 Text 0 0 ,First,#,hotelpoi,building_1,-1,-1,hotelarea,building_1,-1,-1;building_u "building_u" true true false 254 Text 0 0 ,First,#,hotelpoi,building_u,-1,-1,hotelarea,building_u,-1,-1;descriptio "descriptio" true true false 254 Text 0 0 ,First,#,hotelpoi,descriptio,-1,-1,hotelarea,descriptio,-1,-1;floor_mate "floor_mate" true true false 254 Text 0 0 ,First,#,hotelpoi,floor_mate,-1,-1,hotelarea,floor_mate,-1,-1;roof_mater "roof_mater" true true false 254 Text 0 0 ,First,#,hotelpoi,roof_mater,-1,-1,hotelarea,roof_mater,-1,-1;shape_elev "shape_elev" true true false 254 Text 0 0 ,First,#,hotelpoi,shape_elev,-1,-1,hotelarea,shape_elev,-1,-1;shape_plan "shape_plan" true true false 254 Text 0 0 ,First,#,hotelpoi,shape_plan,-1,-1,hotelarea,shape_plan,-1,-1;addr_place "addr_place" true true false 254 Text 0 0 ,First,#,hotelpoi,addr_place,-1,-1,hotelarea,addr_place,-1,-1;opening_ho "opening_ho" true true false 254 Text 0 0 ,First,#,hotelpoi,opening_ho,-1,-1,hotelarea,opening_ho,-1,-1;operator "operator" true true false 254 Text 0 0 ,First,#,hotelpoi,operator,-1,-1,hotelarea,operator,-1,-1;smoking "smoking" true true false 254 Text 0 0 ,First,#,hotelpoi,smoking,-1,-1,hotelarea,smoking,-1,-1;building_2 "building_2" true true false 254 Text 0 0 ,First,#,hotelpoi,building_2,-1,-1,hotelarea,building_2,-1,-1;building_c "building_c" true true false 254 Text 0 0 ,First,#,hotelpoi,building_c,-1,-1,hotelarea,building_c,-1,-1;building_3 "building_3" true true false 254 Text 0 0 ,First,#,hotelpoi,building_3,-1,-1,hotelarea,building_3,-1,-1;building_4 "building_4" true true false 254 Text 0 0 ,First,#,hotelpoi,building_4,-1,-1,hotelarea,building_4,-1,-1;building_5 "building_5" true true false 254 Text 0 0 ,First,#,hotelpoi,building_5,-1,-1,hotelarea,building_5,-1,-1;building_6 "building_6" true true false 254 Text 0 0 ,First,#,hotelpoi,building_6,-1,-1,hotelarea,building_6,-1,-1;capacity_p "capacity_p" true true false 254 Text 0 0 ,First,#,hotelpoi,capacity_p,-1,-1,hotelarea,capacity_p,-1,-1;roof_mat_1 "roof_mat_1" true true false 254 Text 0 0 ,First,#,hotelpoi,roof_mat_1,-1,-1,hotelarea,roof_mat_1,-1,-1;roof_shape "roof_shape" true true false 254 Text 0 0 ,First,#,hotelpoi,roof_shape,-1,-1,hotelarea,roof_shape,-1,-1;fixme "fixme" true true false 254 Text 0 0 ,First,#,hotelpoi,fixme,-1,-1,hotelarea,fixme,-1,-1;designatio "designatio" true true false 254 Text 0 0 ,First,#,hotelpoi,designatio,-1,-1,hotelarea,designatio,-1,-1;rooms "rooms" true true false 254 Text 0 0 ,First,#,hotelpoi,rooms,-1,-1,hotelarea,rooms,-1,-1;atm "atm" true true false 254 Text 0 0 ,First,#,hotelpoi,atm,-1,-1,hotelarea,atm,-1,-1;amenity "amenity" true true false 254 Text 0 0 ,First,#,hotelpoi,amenity,-1,-1,hotelarea,amenity,-1,-1;contact_em "contact_em" true true false 254 Text 0 0 ,First,#,hotelpoi,contact_em,-1,-1,hotelarea,contact_em,-1,-1;contact_fa "contact_fa" true true false 254 Text 0 0 ,First,#,hotelpoi,contact_fa,-1,-1,hotelarea,contact_fa,-1,-1;contact_ph "contact_ph" true true false 254 Text 0 0 ,First,#,hotelpoi,contact_ph,-1,-1,hotelarea,contact_ph,-1,-1;contact_we "contact_we" true true false 254 Text 0 0 ,First,#,hotelpoi,contact_we,-1,-1,hotelarea,contact_we,-1,-1;name_ne "name_ne" true true false 254 Text 0 0 ,First,#,hotelpoi,name_ne,-1,-1,hotelarea,name_ne,-1,-1;addr_hou_1 "addr_hou_1" true true false 254 Text 0 0 ,First,#,hotelpoi,addr_hou_1,-1,-1,hotelarea,addr_hou_1,-1,-1;addr_subur "addr_subur" true true false 254 Text 0 0 ,First,#,hotelpoi,addr_subur,-1,-1,hotelarea,addr_subur,-1,-1;beds "beds" true true false 254 Text 0 0 ,First,#,hotelpoi,beds,-1,-1,hotelarea,beds,-1,-1;name_new "name_new" true true false 254 Text 0 0 ,First,#,hotelpoi,name_new,-1,-1,hotelarea,name_new,-1,-1;internet_2 "internet_2" true true false 254 Text 0 0 ,First,#,hotelpoi,internet_2,-1,-1,hotelarea,internet_2,-1,-1;landuse "landuse" true true false 254 Text 0 0 ,First,#,hotelpoi,landuse,-1,-1,hotelarea,landuse,-1,-1;capacity "capacity" true true false 254 Text 0 0 ,First,#,hotelpoi,capacity,-1,-1,hotelarea,capacity,-1,-1;cuisine "cuisine" true true false 254 Text 0 0 ,First,#,hotelpoi,cuisine,-1,-1,hotelarea,cuisine,-1,-1;delivery "delivery" true true false 254 Text 0 0 ,First,#,hotelpoi,delivery,-1,-1,hotelarea,delivery,-1,-1;level "level" true true false 254 Text 0 0 ,First,#,hotelpoi,level,-1,-1,hotelarea,level,-1,-1;add_city "add_city" true true false 254 Text 0 0 ,First,#,hotelpoi,add_city,-1,-1,hotelarea,add_city,-1,-1;addr_tole "addr_tole" true true false 254 Text 0 0 ,First,#,hotelpoi,addr_tole,-1,-1,hotelarea,addr_tole,-1,-1;addr_ward "addr_ward" true true false 254 Text 0 0 ,First,#,hotelpoi,addr_ward,-1,-1,hotelarea,addr_ward,-1,-1;facility "facility" true true false 254 Text 0 0 ,First,#,hotelpoi,facility,-1,-1,hotelarea,facility,-1,-1;start_date "start_date" true true false 254 Text 0 0 ,First,#,hotelpoi,start_date,-1,-1,hotelarea,start_date,-1,-1;baato_sear "baato_sear" true true false 254 Text 0 0 ,First,#,hotelpoi,baato_sear,-1,-1,hotelarea,baato_sear,-1,-1;guest_hous "guest_hous" true true false 254 Text 0 0 ,First,#,hotelpoi,guest_hous,-1,-1,hotelarea,guest_hous,-1,-1;ele "ele" true true false 254 Text 0 0 ,First,#,hotelpoi,ele,-1,-1,hotelarea,ele,-1,-1;created_by "created_by" true true false 254 Text 0 0 ,First,#,hotelpoi,created_by,-1,-1,hotelarea,created_by,-1,-1;comment "comment" true true false 254 Text 0 0 ,First,#,hotelpoi,comment,-1,-1,hotelarea,comment,-1,-1;name_ja "name_ja" true true false 254 Text 0 0 ,First,#,hotelpoi,name_ja,-1,-1,hotelarea,name_ja,-1,-1;contact__1 "contact__1" true true false 254 Text 0 0 ,First,#,hotelpoi,contact__1,-1,-1,hotelarea,contact__1,-1,-1;short_name "short_name" true true false 254 Text 0 0 ,First,#,hotelpoi,short_name,-1,-1,hotelarea,short_name,-1,-1;name_ru "name_ru" true true false 254 Text 0 0 ,First,#,hotelpoi,name_ru,-1,-1,hotelarea,name_ru,-1,-1;note "note" true true false 254 Text 0 0 ,First,#,hotelpoi,note,-1,-1,hotelarea,note,-1,-1;name_he "name_he" true true false 254 Text 0 0 ,First,#,hotelpoi,name_he,-1,-1,hotelarea,name_he,-1,-1;wlan "wlan" true true false 254 Text 0 0 ,First,#,hotelpoi,wlan,-1,-1,hotelarea,wlan,-1,-1;name_zh "name_zh" true true false 254 Text 0 0 ,First,#,hotelpoi,name_zh,-1,-1,hotelarea,name_zh,-1,-1;name_it "name_it" true true false 254 Text 0 0 ,First,#,hotelpoi,name_it,-1,-1,hotelarea,name_it,-1,-1;name_hi "name_hi" true true false 254 Text 0 0 ,First,#,hotelpoi,name_hi,-1,-1,hotelarea,name_hi,-1,-1;name_nl "name_nl" true true false 254 Text 0 0 ,First,#,hotelpoi,name_nl,-1,-1,hotelarea,name_nl,-1,-1;brand "brand" true true false 254 Text 0 0 ,First,#,hotelpoi,brand,-1,-1,hotelarea,brand,-1,-1;payment_ca "payment_ca" true true false 254 Text 0 0 ,First,#,hotelpoi,payment_ca,-1,-1,hotelarea,payment_ca,-1,-1;F_id_1 "F_id_1" true true false 254 Text 0 0 ,First,#,hotelarea,@id,-1,-1"</Process><Process ToolSource="c:\program files (x86)\arcgis\desktop10.5\ArcToolbox\Toolboxes\Analysis Tools.tbx\Clip" Date="20201214" Time="122929">Clip hotelpoi_Merge "Kathmandu Valley" "C:\Users\Roshan\Desktop\C2M2\Shapefiles\Final Files\Hotel.shp" #</Process></lineage></DataProperties><SyncDate>20201214</SyncDate><SyncTime>12292800</SyncTime><ModDate>20201214</ModDate><ModTime>12292800</ModTime></Esri><dataIdInfo><envirDesc Sync="TRUE"> Version 6.2 (Build 9200) ; Esri ArcGIS 10.5.0.6491</envirDesc><dataLang><languageCode value="eng" Sync="TRUE"></languageCode><countryCode value="USA" Sync="TRUE"></countryCode></dataLang><idCitation><resTitle Sync="TRUE">Hotel</resTitle><presForm><PresFormCd value="005" Sync="TRUE"></PresFormCd></presForm></idCitation><spatRpType><SpatRepTypCd value="001" Sync="TRUE"></SpatRepTypCd></spatRpType></dataIdInfo><mdLang><languageCode value="eng" Sync="TRUE"></languageCode><countryCode value="USA" Sync="TRUE"></countryCode></mdLang><distInfo><distFormat><formatName Sync="TRUE">Shapefile</formatName></distFormat><distTranOps><transSize Sync="TRUE">0.000</transSize></distTranOps></distInfo><mdHrLv><ScopeCd value="005" Sync="TRUE"></ScopeCd></mdHrLv><mdHrLvName Sync="TRUE">dataset</mdHrLvName><refSysInfo><RefSystem><refSysID><identCode code="4326" Sync="TRUE"></identCode><idCodeSpace Sync="TRUE">EPSG</idCodeSpace><idVersion Sync="TRUE">6.14(3.0.1)</idVersion></refSysID></RefSystem></refSysInfo><spatRepInfo><VectSpatRep><geometObjs Name="Hotel"><geoObjTyp><GeoObjTypCd value="004" Sync="TRUE"></GeoObjTypCd></geoObjTyp><geoObjCnt Sync="TRUE">0</geoObjCnt></geometObjs><topLvl><TopoLevCd value="001" Sync="TRUE"></TopoLevCd></topLvl></VectSpatRep></spatRepInfo><spdoinfo><ptvctinf><esriterm Name="Hotel"><efeatyp Sync="TRUE">Simple</efeatyp><efeageom code="1" Sync="TRUE"></efeageom><esritopo Sync="TRUE">FALSE</esritopo><efeacnt Sync="TRUE">0</efeacnt><spindex Sync="TRUE">FALSE</spindex><linrefer Sync="TRUE">FALSE</linrefer></esriterm></ptvctinf></spdoinfo><eainfo><detailed Name="Hotel"><enttyp><enttypl Sync="TRUE">Hotel</enttypl><enttypt Sync="TRUE">Feature Class</enttypt><enttypc Sync="TRUE">0</enttypc></enttyp><attr><attrlabl Sync="TRUE">FID</attrlabl><attalias Sync="TRUE">FID</attalias><attrtype Sync="TRUE">OID</attrtype><attwidth Sync="TRUE">4</attwidth><atprecis Sync="TRUE">0</atprecis><attscale Sync="TRUE">0</attscale><attrdef Sync="TRUE">Internal feature number.</attrdef><attrdefs Sync="TRUE">Esri</attrdefs><attrdomv><udom Sync="TRUE">Sequential unique whole numbers that are automatically generated.</udom></attrdomv></attr><attr><attrlabl Sync="TRUE">Shape</attrlabl><attalias Sync="TRUE">Shape</attalias><attrtype Sync="TRUE">Geometry</attrtype><attwidth Sync="TRUE">0</attwidth><atprecis Sync="TRUE">0</atprecis><attscale Sync="TRUE">0</attscale><attrdef Sync="TRUE">Feature geometry.</attrdef><attrdefs Sync="TRUE">Esri</attrdefs><attrdomv><udom Sync="TRUE">Coordinates defining the features.</udom></attrdomv></attr><attr><attrlabl Sync="TRUE">id</attrlabl><attalias Sync="TRUE">id</attalias><attrtype Sync="TRUE">String</attrtype><attwidth Sync="TRUE">254</attwidth><atprecis Sync="TRUE">0</atprecis><attscale Sync="TRUE">0</attscale></attr><attr><attrlabl Sync="TRUE">F_id</attrlabl><attalias Sync="TRUE">F_id</attalias><attrtype Sync="TRUE">String</attrtype><attwidth Sync="TRUE">254</attwidth><atprecis Sync="TRUE">0</atprecis><attscale Sync="TRUE">0</attscale></attr><attr><attrlabl Sync="TRUE">email</attrlabl><attalias Sync="TRUE">email</attalias><attrtype Sync="TRUE">String</attrtype><attwidth Sync="TRUE">254</attwidth><atprecis Sync="TRUE">0</atprecis><attscale Sync="TRUE">0</attscale></attr><attr><attrlabl Sync="TRUE">name</attrlabl><attalias Sync="TRUE">name</attalias><attrtype Sync="TRUE">String</attrtype><attwidth Sync="TRUE">254</attwidth><atprecis Sync="TRUE">0</atprecis><attscale Sync="TRUE">0</attscale></attr><attr><attrlabl Sync="TRUE">phone</attrlabl><attalias Sync="TRUE">phone</attalias><attrtype Sync="TRUE">String</attrtype><attwidth Sync="TRUE">254</attwidth><atprecis Sync="TRUE">0</atprecis><attscale Sync="TRUE">0</attscale></attr><attr><attrlabl Sync="TRUE">tourism</attrlabl><attalias Sync="TRUE">tourism</attalias><attrtype Sync="TRUE">String</attrtype><attwidth Sync="TRUE">254</attwidth><atprecis Sync="TRUE">0</atprecis><attscale Sync="TRUE">0</attscale></attr><attr><attrlabl Sync="TRUE">type</attrlabl><attalias Sync="TRUE">type</attalias><attrtype Sync="TRUE">String</attrtype><attwidth Sync="TRUE">254</attwidth><atprecis Sync="TRUE">0</atprecis><attscale Sync="TRUE">0</attscale></attr><attr><attrlabl Sync="TRUE">website</attrlabl><attalias Sync="TRUE">website</attalias><attrtype Sync="TRUE">String</attrtype><attwidth Sync="TRUE">254</attwidth><atprecis Sync="TRUE">0</atprecis><attscale Sync="TRUE">0</attscale></attr><attr><attrlabl Sync="TRUE">building</attrlabl><attalias Sync="TRUE">building</attalias><attrtype Sync="TRUE">String</attrtype><attwidth Sync="TRUE">254</attwidth><atprecis Sync="TRUE">0</atprecis><attscale Sync="TRUE">0</attscale></attr><attr><attrlabl Sync="TRUE">name_de</attrlabl><attalias Sync="TRUE">name_de</attalias><attrtype Sync="TRUE">String</attrtype><attwidth Sync="TRUE">254</attwidth><atprecis Sync="TRUE">0</atprecis><attscale Sync="TRUE">0</attscale></attr><attr><attrlabl Sync="TRUE">name_es</attrlabl><attalias Sync="TRUE">name_es</attalias><attrtype Sync="TRUE">String</attrtype><attwidth Sync="TRUE">254</attwidth><atprecis Sync="TRUE">0</atprecis><attscale Sync="TRUE">0</attscale></attr><attr><attrlabl Sync="TRUE">name_fr</attrlabl><attalias Sync="TRUE">name_fr</attalias><attrtype Sync="TRUE">String</attrtype><attwidth Sync="TRUE">254</attwidth><atprecis Sync="TRUE">0</atprecis><attscale Sync="TRUE">0</attscale></attr><attr><attrlabl Sync="TRUE">name_en</attrlabl><attalias Sync="TRUE">name_en</attalias><attrtype Sync="TRUE">String</attrtype><attwidth Sync="TRUE">254</attwidth><atprecis Sync="TRUE">0</atprecis><attscale Sync="TRUE">0</attscale></attr><attr><attrlabl Sync="TRUE">status</attrlabl><attalias Sync="TRUE">status</attalias><attrtype Sync="TRUE">String</attrtype><attwidth Sync="TRUE">254</attwidth><atprecis Sync="TRUE">0</atprecis><attscale Sync="TRUE">0</attscale></attr><attr><attrlabl Sync="TRUE">addr_city</attrlabl><attalias Sync="TRUE">addr_city</attalias><attrtype Sync="TRUE">String</attrtype><attwidth Sync="TRUE">254</attwidth><atprecis Sync="TRUE">0</atprecis><attscale Sync="TRUE">0</attscale></attr><attr><attrlabl Sync="TRUE">addr_stree</attrlabl><attalias Sync="TRUE">addr_stree</attalias><attrtype Sync="TRUE">String</attrtype><attwidth Sync="TRUE">254</attwidth><atprecis Sync="TRUE">0</atprecis><attscale Sync="TRUE">0</attscale></attr><attr><attrlabl Sync="TRUE">fax</attrlabl><attalias Sync="TRUE">fax</attalias><attrtype Sync="TRUE">String</attrtype><attwidth Sync="TRUE">254</attwidth><atprecis Sync="TRUE">0</atprecis><attscale Sync="TRUE">0</attscale></attr><attr><attrlabl Sync="TRUE">internet_a</attrlabl><attalias Sync="TRUE">internet_a</attalias><attrtype Sync="TRUE">String</attrtype><attwidth Sync="TRUE">254</attwidth><atprecis Sync="TRUE">0</atprecis><attscale Sync="TRUE">0</attscale></attr><attr><attrlabl Sync="TRUE">internet_1</attrlabl><attalias Sync="TRUE">internet_1</attalias><attrtype Sync="TRUE">String</attrtype><attwidth Sync="TRUE">254</attwidth><atprecis Sync="TRUE">0</atprecis><attscale Sync="TRUE">0</attscale></attr><attr><attrlabl Sync="TRUE">source</attrlabl><attalias Sync="TRUE">source</attalias><attrtype Sync="TRUE">String</attrtype><attwidth Sync="TRUE">254</attwidth><atprecis Sync="TRUE">0</atprecis><attscale Sync="TRUE">0</attscale></attr><attr><attrlabl Sync="TRUE">addr_house</attrlabl><attalias Sync="TRUE">addr_house</attalias><attrtype Sync="TRUE">String</attrtype><attwidth Sync="TRUE">254</attwidth><atprecis Sync="TRUE">0</atprecis><attscale Sync="TRUE">0</attscale></attr><attr><attrlabl Sync="TRUE">wheelchair</attrlabl><attalias Sync="TRUE">wheelchair</attalias><attrtype Sync="TRUE">String</attrtype><attwidth Sync="TRUE">254</attwidth><atprecis Sync="TRUE">0</atprecis><attscale Sync="TRUE">0</attscale></attr><attr><attrlabl Sync="TRUE">wikidata</attrlabl><attalias Sync="TRUE">wikidata</attalias><attrtype Sync="TRUE">String</attrtype><attwidth Sync="TRUE">254</attwidth><atprecis Sync="TRUE">0</atprecis><attscale Sync="TRUE">0</attscale></attr><attr><attrlabl Sync="TRUE">area</attrlabl><attalias Sync="TRUE">area</attalias><attrtype Sync="TRUE">String</attrtype><attwidth Sync="TRUE">254</attwidth><atprecis Sync="TRUE">0</atprecis><attscale Sync="TRUE">0</attscale></attr><attr><attrlabl Sync="TRUE">addr_count</attrlabl><attalias Sync="TRUE">addr_count</attalias><attrtype Sync="TRUE">String</attrtype><attwidth Sync="TRUE">254</attwidth><atprecis Sync="TRUE">0</atprecis><attscale Sync="TRUE">0</attscale></attr><attr><attrlabl Sync="TRUE">barrier</attrlabl><attalias Sync="TRUE">barrier</attalias><attrtype Sync="TRUE">String</attrtype><attwidth Sync="TRUE">254</attwidth><atprecis Sync="TRUE">0</atprecis><attscale Sync="TRUE">0</attscale></attr><attr><attrlabl Sync="TRUE">toilets_wh</attrlabl><attalias Sync="TRUE">toilets_wh</attalias><attrtype Sync="TRUE">String</attrtype><attwidth Sync="TRUE">254</attwidth><atprecis Sync="TRUE">0</atprecis><attscale Sync="TRUE">0</attscale></attr><attr><attrlabl Sync="TRUE">addr_state</attrlabl><attalias Sync="TRUE">addr_state</attalias><attrtype Sync="TRUE">String</attrtype><attwidth Sync="TRUE">254</attwidth><atprecis Sync="TRUE">0</atprecis><attscale Sync="TRUE">0</attscale></attr><attr><attrlabl Sync="TRUE">stars</attrlabl><attalias Sync="TRUE">stars</attalias><attrtype Sync="TRUE">String</attrtype><attwidth Sync="TRUE">254</attwidth><atprecis Sync="TRUE">0</atprecis><attscale Sync="TRUE">0</attscale></attr><attr><attrlabl Sync="TRUE">building_a</attrlabl><attalias Sync="TRUE">building_a</attalias><attrtype Sync="TRUE">String</attrtype><attwidth Sync="TRUE">254</attwidth><atprecis Sync="TRUE">0</atprecis><attscale Sync="TRUE">0</attscale></attr><attr><attrlabl Sync="TRUE">building_g</attrlabl><attalias Sync="TRUE">building_g</attalias><attrtype Sync="TRUE">String</attrtype><attwidth Sync="TRUE">254</attwidth><atprecis Sync="TRUE">0</atprecis><attscale Sync="TRUE">0</attscale></attr><attr><attrlabl Sync="TRUE">building_l</attrlabl><attalias Sync="TRUE">building_l</attalias><attrtype Sync="TRUE">String</attrtype><attwidth Sync="TRUE">254</attwidth><atprecis Sync="TRUE">0</atprecis><attscale Sync="TRUE">0</attscale></attr><attr><attrlabl Sync="TRUE">building_o</attrlabl><attalias Sync="TRUE">building_o</attalias><attrtype Sync="TRUE">String</attrtype><attwidth Sync="TRUE">254</attwidth><atprecis Sync="TRUE">0</atprecis><attscale Sync="TRUE">0</attscale></attr><attr><attrlabl Sync="TRUE">building_s</attrlabl><attalias Sync="TRUE">building_s</attalias><attrtype Sync="TRUE">String</attrtype><attwidth Sync="TRUE">254</attwidth><atprecis Sync="TRUE">0</atprecis><attscale Sync="TRUE">0</attscale></attr><attr><attrlabl Sync="TRUE">building_1</attrlabl><attalias Sync="TRUE">building_1</attalias><attrtype Sync="TRUE">String</attrtype><attwidth Sync="TRUE">254</attwidth><atprecis Sync="TRUE">0</atprecis><attscale Sync="TRUE">0</attscale></attr><attr><attrlabl Sync="TRUE">building_u</attrlabl><attalias Sync="TRUE">building_u</attalias><attrtype Sync="TRUE">String</attrtype><attwidth Sync="TRUE">254</attwidth><atprecis Sync="TRUE">0</atprecis><attscale Sync="TRUE">0</attscale></attr><attr><attrlabl Sync="TRUE">descriptio</attrlabl><attalias Sync="TRUE">descriptio</attalias><attrtype Sync="TRUE">String</attrtype><attwidth Sync="TRUE">254</attwidth><atprecis Sync="TRUE">0</atprecis><attscale Sync="TRUE">0</attscale></attr><attr><attrlabl Sync="TRUE">floor_mate</attrlabl><attalias Sync="TRUE">floor_mate</attalias><attrtype Sync="TRUE">String</attrtype><attwidth Sync="TRUE">254</attwidth><atprecis Sync="TRUE">0</atprecis><attscale Sync="TRUE">0</attscale></attr><attr><attrlabl Sync="TRUE">roof_mater</attrlabl><attalias Sync="TRUE">roof_mater</attalias><attrtype Sync="TRUE">String</attrtype><attwidth Sync="TRUE">254</attwidth><atprecis Sync="TRUE">0</atprecis><attscale Sync="TRUE">0</attscale></attr><attr><attrlabl Sync="TRUE">shape_elev</attrlabl><attalias Sync="TRUE">shape_elev</attalias><attrtype Sync="TRUE">String</attrtype><attwidth Sync="TRUE">254</attwidth><atprecis Sync="TRUE">0</atprecis><attscale Sync="TRUE">0</attscale></attr><attr><attrlabl Sync="TRUE">shape_plan</attrlabl><attalias Sync="TRUE">shape_plan</attalias><attrtype Sync="TRUE">String</attrtype><attwidth Sync="TRUE">254</attwidth><atprecis Sync="TRUE">0</atprecis><attscale Sync="TRUE">0</attscale></attr><attr><attrlabl Sync="TRUE">addr_place</attrlabl><attalias Sync="TRUE">addr_place</attalias><attrtype Sync="TRUE">String</attrtype><attwidth Sync="TRUE">254</attwidth><atprecis Sync="TRUE">0</atprecis><attscale Sync="TRUE">0</attscale></attr><attr><attrlabl Sync="TRUE">opening_ho</attrlabl><attalias Sync="TRUE">opening_ho</attalias><attrtype Sync="TRUE">String</attrtype><attwidth Sync="TRUE">254</attwidth><atprecis Sync="TRUE">0</atprecis><attscale Sync="TRUE">0</attscale></attr><attr><attrlabl Sync="TRUE">operator</attrlabl><attalias Sync="TRUE">operator</attalias><attrtype Sync="TRUE">String</attrtype><attwidth Sync="TRUE">254</attwidth><atprecis Sync="TRUE">0</atprecis><attscale Sync="TRUE">0</attscale></attr><attr><attrlabl Sync="TRUE">smoking</attrlabl><attalias Sync="TRUE">smoking</attalias><attrtype Sync="TRUE">String</attrtype><attwidth Sync="TRUE">254</attwidth><atprecis Sync="TRUE">0</atprecis><attscale Sync="TRUE">0</attscale></attr><attr><attrlabl Sync="TRUE">building_2</attrlabl><attalias Sync="TRUE">building_2</attalias><attrtype Sync="TRUE">String</attrtype><attwidth Sync="TRUE">254</attwidth><atprecis Sync="TRUE">0</atprecis><attscale Sync="TRUE">0</attscale></attr><attr><attrlabl Sync="TRUE">building_c</attrlabl><attalias Sync="TRUE">building_c</attalias><attrtype Sync="TRUE">String</attrtype><attwidth Sync="TRUE">254</attwidth><atprecis Sync="TRUE">0</atprecis><attscale Sync="TRUE">0</attscale></attr><attr><attrlabl Sync="TRUE">building_3</attrlabl><attalias Sync="TRUE">building_3</attalias><attrtype Sync="TRUE">String</attrtype><attwidth Sync="TRUE">254</attwidth><atprecis Sync="TRUE">0</atprecis><attscale Sync="TRUE">0</attscale></attr><attr><attrlabl Sync="TRUE">building_4</attrlabl><attalias Sync="TRUE">building_4</attalias><attrtype Sync="TRUE">String</attrtype><attwidth Sync="TRUE">254</attwidth><atprecis Sync="TRUE">0</atprecis><attscale Sync="TRUE">0</attscale></attr><attr><attrlabl Sync="TRUE">building_5</attrlabl><attalias Sync="TRUE">building_5</attalias><attrtype Sync="TRUE">String</attrtype><attwidth Sync="TRUE">254</attwidth><atprecis Sync="TRUE">0</atprecis><attscale Sync="TRUE">0</attscale></attr><attr><attrlabl Sync="TRUE">building_6</attrlabl><attalias Sync="TRUE">building_6</attalias><attrtype Sync="TRUE">String</attrtype><attwidth Sync="TRUE">254</attwidth><atprecis Sync="TRUE">0</atprecis><attscale Sync="TRUE">0</attscale></attr><attr><attrlabl Sync="TRUE">capacity_p</attrlabl><attalias Sync="TRUE">capacity_p</attalias><attrtype Sync="TRUE">String</attrtype><attwidth Sync="TRUE">254</attwidth><atprecis Sync="TRUE">0</atprecis><attscale Sync="TRUE">0</attscale></attr><attr><attrlabl Sync="TRUE">roof_mat_1</attrlabl><attalias Sync="TRUE">roof_mat_1</attalias><attrtype Sync="TRUE">String</attrtype><attwidth Sync="TRUE">254</attwidth><atprecis Sync="TRUE">0</atprecis><attscale Sync="TRUE">0</attscale></attr><attr><attrlabl Sync="TRUE">roof_shape</attrlabl><attalias Sync="TRUE">roof_shape</attalias><attrtype Sync="TRUE">String</attrtype><attwidth Sync="TRUE">254</attwidth><atprecis Sync="TRUE">0</atprecis><attscale Sync="TRUE">0</attscale></attr><attr><attrlabl Sync="TRUE">fixme</attrlabl><attalias Sync="TRUE">fixme</attalias><attrtype Sync="TRUE">String</attrtype><attwidth Sync="TRUE">254</attwidth><atprecis Sync="TRUE">0</atprecis><attscale Sync="TRUE">0</attscale></attr><attr><attrlabl Sync="TRUE">designatio</attrlabl><attalias Sync="TRUE">designatio</attalias><attrtype Sync="TRUE">String</attrtype><attwidth Sync="TRUE">254</attwidth><atprecis Sync="TRUE">0</atprecis><attscale Sync="TRUE">0</attscale></attr><attr><attrlabl Sync="TRUE">rooms</attrlabl><attalias Sync="TRUE">rooms</attalias><attrtype Sync="TRUE">String</attrtype><attwidth Sync="TRUE">254</attwidth><atprecis Sync="TRUE">0</atprecis><attscale Sync="TRUE">0</attscale></attr><attr><attrlabl Sync="TRUE">atm</attrlabl><attalias Sync="TRUE">atm</attalias><attrtype Sync="TRUE">String</attrtype><attwidth Sync="TRUE">254</attwidth><atprecis Sync="TRUE">0</atprecis><attscale Sync="TRUE">0</attscale></attr><attr><attrlabl Sync="TRUE">amenity</attrlabl><attalias Sync="TRUE">amenity</attalias><attrtype Sync="TRUE">String</attrtype><attwidth Sync="TRUE">254</attwidth><atprecis Sync="TRUE">0</atprecis><attscale Sync="TRUE">0</attscale></attr><attr><attrlabl Sync="TRUE">contact_em</attrlabl><attalias Sync="TRUE">contact_em</attalias><attrtype Sync="TRUE">String</attrtype><attwidth Sync="TRUE">254</attwidth><atprecis Sync="TRUE">0</atprecis><attscale Sync="TRUE">0</attscale></attr><attr><attrlabl Sync="TRUE">contact_fa</attrlabl><attalias Sync="TRUE">contact_fa</attalias><attrtype Sync="TRUE">String</attrtype><attwidth Sync="TRUE">254</attwidth><atprecis Sync="TRUE">0</atprecis><attscale Sync="TRUE">0</attscale></attr><attr><attrlabl Sync="TRUE">contact_ph</attrlabl><attalias Sync="TRUE">contact_ph</attalias><attrtype Sync="TRUE">String</attrtype><attwidth Sync="TRUE">254</attwidth><atprecis Sync="TRUE">0</atprecis><attscale Sync="TRUE">0</attscale></attr><attr><attrlabl Sync="TRUE">contact_we</attrlabl><attalias Sync="TRUE">contact_we</attalias><attrtype Sync="TRUE">String</attrtype><attwidth Sync="TRUE">254</attwidth><atprecis Sync="TRUE">0</atprecis><attscale Sync="TRUE">0</attscale></attr><attr><attrlabl Sync="TRUE">name_ne</attrlabl><attalias Sync="TRUE">name_ne</attalias><attrtype Sync="TRUE">String</attrtype><attwidth Sync="TRUE">254</attwidth><atprecis Sync="TRUE">0</atprecis><attscale Sync="TRUE">0</attscale></attr><attr><attrlabl Sync="TRUE">addr_hou_1</attrlabl><attalias Sync="TRUE">addr_hou_1</attalias><attrtype Sync="TRUE">String</attrtype><attwidth Sync="TRUE">254</attwidth><atprecis Sync="TRUE">0</atprecis><attscale Sync="TRUE">0</attscale></attr><attr><attrlabl Sync="TRUE">addr_subur</attrlabl><attalias Sync="TRUE">addr_subur</attalias><attrtype Sync="TRUE">String</attrtype><attwidth Sync="TRUE">254</attwidth><atprecis Sync="TRUE">0</atprecis><attscale Sync="TRUE">0</attscale></attr><attr><attrlabl Sync="TRUE">beds</attrlabl><attalias Sync="TRUE">beds</attalias><attrtype Sync="TRUE">String</attrtype><attwidth Sync="TRUE">254</attwidth><atprecis Sync="TRUE">0</atprecis><attscale Sync="TRUE">0</attscale></attr><attr><attrlabl Sync="TRUE">name_new</attrlabl><attalias Sync="TRUE">name_new</attalias><attrtype Sync="TRUE">String</attrtype><attwidth Sync="TRUE">254</attwidth><atprecis Sync="TRUE">0</atprecis><attscale Sync="TRUE">0</attscale></attr><attr><attrlabl Sync="TRUE">internet_2</attrlabl><attalias Sync="TRUE">internet_2</attalias><attrtype Sync="TRUE">String</attrtype><attwidth Sync="TRUE">254</attwidth><atprecis Sync="TRUE">0</atprecis><attscale Sync="TRUE">0</attscale></attr><attr><attrlabl Sync="TRUE">landuse</attrlabl><attalias Sync="TRUE">landuse</attalias><attrtype Sync="TRUE">String</attrtype><attwidth Sync="TRUE">254</attwidth><atprecis Sync="TRUE">0</atprecis><attscale Sync="TRUE">0</attscale></attr><attr><attrlabl Sync="TRUE">capacity</attrlabl><attalias Sync="TRUE">capacity</attalias><attrtype Sync="TRUE">String</attrtype><attwidth Sync="TRUE">254</attwidth><atprecis Sync="TRUE">0</atprecis><attscale Sync="TRUE">0</attscale></attr><attr><attrlabl Sync="TRUE">cuisine</attrlabl><attalias Sync="TRUE">cuisine</attalias><attrtype Sync="TRUE">String</attrtype><attwidth Sync="TRUE">254</attwidth><atprecis Sync="TRUE">0</atprecis><attscale Sync="TRUE">0</attscale></attr><attr><attrlabl Sync="TRUE">delivery</attrlabl><attalias Sync="TRUE">delivery</attalias><attrtype Sync="TRUE">String</attrtype><attwidth Sync="TRUE">254</attwidth><atprecis Sync="TRUE">0</atprecis><attscale Sync="TRUE">0</attscale></attr><attr><attrlabl Sync="TRUE">level</attrlabl><attalias Sync="TRUE">level</attalias><attrtype Sync="TRUE">String</attrtype><attwidth Sync="TRUE">254</attwidth><atprecis Sync="TRUE">0</atprecis><attscale Sync="TRUE">0</attscale></attr><attr><attrlabl Sync="TRUE">add_city</attrlabl><attalias Sync="TRUE">add_city</attalias><attrtype Sync="TRUE">String</attrtype><attwidth Sync="TRUE">254</attwidth><atprecis Sync="TRUE">0</atprecis><attscale Sync="TRUE">0</attscale></attr><attr><attrlabl Sync="TRUE">addr_tole</attrlabl><attalias Sync="TRUE">addr_tole</attalias><attrtype Sync="TRUE">String</attrtype><attwidth Sync="TRUE">254</attwidth><atprecis Sync="TRUE">0</atprecis><attscale Sync="TRUE">0</attscale></attr><attr><attrlabl Sync="TRUE">addr_ward</attrlabl><attalias Sync="TRUE">addr_ward</attalias><attrtype Sync="TRUE">String</attrtype><attwidth Sync="TRUE">254</attwidth><atprecis Sync="TRUE">0</atprecis><attscale Sync="TRUE">0</attscale></attr><attr><attrlabl Sync="TRUE">facility</attrlabl><attalias Sync="TRUE">facility</attalias><attrtype Sync="TRUE">String</attrtype><attwidth Sync="TRUE">254</attwidth><atprecis Sync="TRUE">0</atprecis><attscale Sync="TRUE">0</attscale></attr><attr><attrlabl Sync="TRUE">start_date</attrlabl><attalias Sync="TRUE">start_date</attalias><attrtype Sync="TRUE">String</attrtype><attwidth Sync="TRUE">254</attwidth><atprecis Sync="TRUE">0</atprecis><attscale Sync="TRUE">0</attscale></attr><attr><attrlabl Sync="TRUE">baato_sear</attrlabl><attalias Sync="TRUE">baato_sear</attalias><attrtype Sync="TRUE">String</attrtype><attwidth Sync="TRUE">254</attwidth><atprecis Sync="TRUE">0</atprecis><attscale Sync="TRUE">0</attscale></attr><attr><attrlabl Sync="TRUE">guest_hous</attrlabl><attalias Sync="TRUE">guest_hous</attalias><attrtype Sync="TRUE">String</attrtype><attwidth Sync="TRUE">254</attwidth><atprecis Sync="TRUE">0</atprecis><attscale Sync="TRUE">0</attscale></attr><attr><attrlabl Sync="TRUE">ele</attrlabl><attalias Sync="TRUE">ele</attalias><attrtype Sync="TRUE">String</attrtype><attwidth Sync="TRUE">254</attwidth><atprecis Sync="TRUE">0</atprecis><attscale Sync="TRUE">0</attscale></attr><attr><attrlabl Sync="TRUE">created_by</attrlabl><attalias Sync="TRUE">created_by</attalias><attrtype Sync="TRUE">String</attrtype><attwidth Sync="TRUE">254</attwidth><atprecis Sync="TRUE">0</atprecis><attscale Sync="TRUE">0</attscale></attr><attr><attrlabl Sync="TRUE">comment</attrlabl><attalias Sync="TRUE">comment</attalias><attrtype Sync="TRUE">String</attrtype><attwidth Sync="TRUE">254</attwidth><atprecis Sync="TRUE">0</atprecis><attscale Sync="TRUE">0</attscale></attr><attr><attrlabl Sync="TRUE">name_ja</attrlabl><attalias Sync="TRUE">name_ja</attalias><attrtype Sync="TRUE">String</attrtype><attwidth Sync="TRUE">254</attwidth><atprecis Sync="TRUE">0</atprecis><attscale Sync="TRUE">0</attscale></attr><attr><attrlabl Sync="TRUE">contact__1</attrlabl><attalias Sync="TRUE">contact__1</attalias><attrtype Sync="TRUE">String</attrtype><attwidth Sync="TRUE">254</attwidth><atprecis Sync="TRUE">0</atprecis><attscale Sync="TRUE">0</attscale></attr><attr><attrlabl Sync="TRUE">short_name</attrlabl><attalias Sync="TRUE">short_name</attalias><attrtype Sync="TRUE">String</attrtype><attwidth Sync="TRUE">254</attwidth><atprecis Sync="TRUE">0</atprecis><attscale Sync="TRUE">0</attscale></attr><attr><attrlabl Sync="TRUE">name_ru</attrlabl><attalias Sync="TRUE">name_ru</attalias><attrtype Sync="TRUE">String</attrtype><attwidth Sync="TRUE">254</attwidth><atprecis Sync="TRUE">0</atprecis><attscale Sync="TRUE">0</attscale></attr><attr><attrlabl Sync="TRUE">note</attrlabl><attalias Sync="TRUE">note</attalias><attrtype Sync="TRUE">String</attrtype><attwidth Sync="TRUE">254</attwidth><atprecis Sync="TRUE">0</atprecis><attscale Sync="TRUE">0</attscale></attr><attr><attrlabl Sync="TRUE">name_he</attrlabl><attalias Sync="TRUE">name_he</attalias><attrtype Sync="TRUE">String</attrtype><attwidth Sync="TRUE">254</attwidth><atprecis Sync="TRUE">0</atprecis><attscale Sync="TRUE">0</attscale></attr><attr><attrlabl Sync="TRUE">wlan</attrlabl><attalias Sync="TRUE">wlan</attalias><attrtype Sync="TRUE">String</attrtype><attwidth Sync="TRUE">254</attwidth><atprecis Sync="TRUE">0</atprecis><attscale Sync="TRUE">0</attscale></attr><attr><attrlabl Sync="TRUE">name_zh</attrlabl><attalias Sync="TRUE">name_zh</attalias><attrtype Sync="TRUE">String</attrtype><attwidth Sync="TRUE">254</attwidth><atprecis Sync="TRUE">0</atprecis><attscale Sync="TRUE">0</attscale></attr><attr><attrlabl Sync="TRUE">name_it</attrlabl><attalias Sync="TRUE">name_it</attalias><attrtype Sync="TRUE">String</attrtype><attwidth Sync="TRUE">254</attwidth><atprecis Sync="TRUE">0</atprecis><attscale Sync="TRUE">0</attscale></attr><attr><attrlabl Sync="TRUE">name_hi</attrlabl><attalias Sync="TRUE">name_hi</attalias><attrtype Sync="TRUE">String</attrtype><attwidth Sync="TRUE">254</attwidth><atprecis Sync="TRUE">0</atprecis><attscale Sync="TRUE">0</attscale></attr><attr><attrlabl Sync="TRUE">name_nl</attrlabl><attalias Sync="TRUE">name_nl</attalias><attrtype Sync="TRUE">String</attrtype><attwidth Sync="TRUE">254</attwidth><atprecis Sync="TRUE">0</atprecis><attscale Sync="TRUE">0</attscale></attr><attr><attrlabl Sync="TRUE">brand</attrlabl><attalias Sync="TRUE">brand</attalias><attrtype Sync="TRUE">String</attrtype><attwidth Sync="TRUE">254</attwidth><atprecis Sync="TRUE">0</atprecis><attscale Sync="TRUE">0</attscale></attr><attr><attrlabl Sync="TRUE">payment_ca</attrlabl><attalias Sync="TRUE">payment_ca</attalias><attrtype Sync="TRUE">String</attrtype><attwidth Sync="TRUE">254</attwidth><atprecis Sync="TRUE">0</atprecis><attscale Sync="TRUE">0</attscale></attr></detailed></eainfo><mdDateSt Sync="TRUE">20201214</mdDateSt></metadata>
