<metadata xml:lang="en"><Esri><CreaDate>20201214</CreaDate><CreaTime>12300600</CreaTime><ArcGISFormat>1.0</ArcGISFormat><SyncOnce>FALSE</SyncOnce><DataProperties><itemProps><itemName Sync="TRUE">Restaurant</itemName><imsContentType Sync="TRUE">002</imsContentType><itemLocation><linkage Sync="TRUE">file://\\DESKTOP-SAT4CBN\C$\Users\Roshan\Desktop\C2M2\Shapefiles\Final Files\Restaurant.shp</linkage><protocol Sync="TRUE">Local Area Network</protocol></itemLocation><itemSize Sync="TRUE">0.000</itemSize></itemProps><coordRef><type Sync="TRUE">Geographic</type><geogcsn Sync="TRUE">GCS_WGS_1984</geogcsn><csUnits Sync="TRUE">Angular Unit: Degree (0.017453)</csUnits><peXml Sync="TRUE">&lt;GeographicCoordinateSystem xsi:type='typens:GeographicCoordinateSystem' xmlns:xsi='http://www.w3.org/2001/XMLSchema-instance' xmlns:xs='http://www.w3.org/2001/XMLSchema' xmlns:typens='http://www.esri.com/schemas/ArcGIS/10.5'&gt;&lt;WKT&gt;GEOGCS[&amp;quot;GCS_WGS_1984&amp;quot;,DATUM[&amp;quot;D_WGS_1984&amp;quot;,SPHEROID[&amp;quot;WGS_1984&amp;quot;,6378137.0,298.257223563]],PRIMEM[&amp;quot;Greenwich&amp;quot;,0.0],UNIT[&amp;quot;Degree&amp;quot;,0.0174532925199433],AUTHORITY[&amp;quot;EPSG&amp;quot;,4326]]&lt;/WKT&gt;&lt;XOrigin&gt;-400&lt;/XOrigin&gt;&lt;YOrigin&gt;-400&lt;/YOrigin&gt;&lt;XYScale&gt;11258999068426.238&lt;/XYScale&gt;&lt;ZOrigin&gt;-100000&lt;/ZOrigin&gt;&lt;ZScale&gt;10000&lt;/ZScale&gt;&lt;MOrigin&gt;-100000&lt;/MOrigin&gt;&lt;MScale&gt;10000&lt;/MScale&gt;&lt;XYTolerance&gt;8.983152841195215e-009&lt;/XYTolerance&gt;&lt;ZTolerance&gt;0.001&lt;/ZTolerance&gt;&lt;MTolerance&gt;0.001&lt;/MTolerance&gt;&lt;HighPrecision&gt;true&lt;/HighPrecision&gt;&lt;LeftLongitude&gt;-180&lt;/LeftLongitude&gt;&lt;WKID&gt;4326&lt;/WKID&gt;&lt;LatestWKID&gt;4326&lt;/LatestWKID&gt;&lt;/GeographicCoordinateSystem&gt;</peXml></coordRef><lineage><Process ToolSource="c:\program files (x86)\arcgis\desktop10.5\ArcToolbox\Toolboxes\Data Management Tools.tbx\Merge" Date="20201214" Time="123010">Merge restaurantpoi;restaurantarea C:\Users\Roshan\Documents\ArcGIS\Default.gdb\restaurantpoi_Merge "id "id" true true false 254 Text 0 0 ,First,#,restaurantpoi,id,-1,-1,restaurantarea,id,-1,-1;F_id "F_id" true true false 254 Text 0 0 ,First,#,restaurantpoi,@id,-1,-1;amenity "amenity" true true false 254 Text 0 0 ,First,#,restaurantpoi,amenity,-1,-1,restaurantarea,amenity,-1,-1;building "building" true true false 254 Text 0 0 ,First,#,restaurantpoi,building,-1,-1,restaurantarea,building,-1,-1;cuisine "cuisine" true true false 254 Text 0 0 ,First,#,restaurantpoi,cuisine,-1,-1,restaurantarea,cuisine,-1,-1;internet_a "internet_a" true true false 254 Text 0 0 ,First,#,restaurantpoi,internet_a,-1,-1,restaurantarea,internet_a,-1,-1;internet_1 "internet_1" true true false 254 Text 0 0 ,First,#,restaurantpoi,internet_1,-1,-1,restaurantarea,internet_1,-1,-1;name "name" true true false 254 Text 0 0 ,First,#,restaurantpoi,name,-1,-1,restaurantarea,name,-1,-1;smoking "smoking" true true false 254 Text 0 0 ,First,#,restaurantpoi,smoking,-1,-1,restaurantarea,smoking,-1,-1;status "status" true true false 254 Text 0 0 ,First,#,restaurantpoi,status,-1,-1,restaurantarea,status,-1,-1;wheelchair "wheelchair" true true false 254 Text 0 0 ,First,#,restaurantpoi,wheelchair,-1,-1,restaurantarea,wheelchair,-1,-1;addr_city "addr_city" true true false 254 Text 0 0 ,First,#,restaurantpoi,addr_city,-1,-1,restaurantarea,addr_city,-1,-1;addr_count "addr_count" true true false 254 Text 0 0 ,First,#,restaurantpoi,addr_count,-1,-1,restaurantarea,addr_count,-1,-1;addr_stree "addr_stree" true true false 254 Text 0 0 ,First,#,restaurantpoi,addr_stree,-1,-1,restaurantarea,addr_stree,-1,-1;opening_ho "opening_ho" true true false 254 Text 0 0 ,First,#,restaurantpoi,opening_ho,-1,-1,restaurantarea,opening_ho,-1,-1;toilets_wh "toilets_wh" true true false 254 Text 0 0 ,First,#,restaurantpoi,toilets_wh,-1,-1,restaurantarea,toilets_wh,-1,-1;contact_ph "contact_ph" true true false 254 Text 0 0 ,First,#,restaurantpoi,contact_ph,-1,-1,restaurantarea,contact_ph,-1,-1;level "level" true true false 254 Text 0 0 ,First,#,restaurantpoi,level,-1,-1,restaurantarea,level,-1,-1;stars "stars" true true false 254 Text 0 0 ,First,#,restaurantpoi,stars,-1,-1,restaurantarea,stars,-1,-1;building_a "building_a" true true false 254 Text 0 0 ,First,#,restaurantpoi,building_a,-1,-1,restaurantarea,building_a,-1,-1;building_1 "building_1" true true false 254 Text 0 0 ,First,#,restaurantpoi,building_1,-1,-1,restaurantarea,building_1,-1,-1;building_c "building_c" true true false 254 Text 0 0 ,First,#,restaurantpoi,building_c,-1,-1,restaurantarea,building_c,-1,-1;building_g "building_g" true true false 254 Text 0 0 ,First,#,restaurantpoi,building_g,-1,-1,restaurantarea,building_g,-1,-1;building_l "building_l" true true false 254 Text 0 0 ,First,#,restaurantpoi,building_l,-1,-1,restaurantarea,building_l,-1,-1;building_2 "building_2" true true false 254 Text 0 0 ,First,#,restaurantpoi,building_2,-1,-1,restaurantarea,building_2,-1,-1;building_3 "building_3" true true false 254 Text 0 0 ,First,#,restaurantpoi,building_3,-1,-1,restaurantarea,building_3,-1,-1;building_4 "building_4" true true false 254 Text 0 0 ,First,#,restaurantpoi,building_4,-1,-1,restaurantarea,building_4,-1,-1;capacity_p "capacity_p" true true false 254 Text 0 0 ,First,#,restaurantpoi,capacity_p,-1,-1,restaurantarea,capacity_p,-1,-1;roof_mater "roof_mater" true true false 254 Text 0 0 ,First,#,restaurantpoi,roof_mater,-1,-1,restaurantarea,roof_mater,-1,-1;roof_shape "roof_shape" true true false 254 Text 0 0 ,First,#,restaurantpoi,roof_shape,-1,-1,restaurantarea,roof_shape,-1,-1;source "source" true true false 254 Text 0 0 ,First,#,restaurantpoi,source,-1,-1,restaurantarea,source,-1,-1;location "location" true true false 254 Text 0 0 ,First,#,restaurantpoi,location,-1,-1,restaurantarea,location,-1,-1;municipali "municipali" true true false 254 Text 0 0 ,First,#,restaurantpoi,municipali,-1,-1,restaurantarea,municipali,-1,-1;ward "ward" true true false 254 Text 0 0 ,First,#,restaurantpoi,ward,-1,-1,restaurantarea,ward,-1,-1;CONS_TYPE "CONS_TYPE" true true false 254 Text 0 0 ,First,#,restaurantpoi,CONS_TYPE,-1,-1,restaurantarea,CONS_TYPE,-1,-1;addr_house "addr_house" true true false 254 Text 0 0 ,First,#,restaurantpoi,addr_house,-1,-1,restaurantarea,addr_house,-1,-1;building_u "building_u" true true false 254 Text 0 0 ,First,#,restaurantpoi,building_u,-1,-1,restaurantarea,building_u,-1,-1;access "access" true true false 254 Text 0 0 ,First,#,restaurantpoi,access,-1,-1,restaurantarea,access,-1,-1;addr_place "addr_place" true true false 254 Text 0 0 ,First,#,restaurantpoi,addr_place,-1,-1,restaurantarea,addr_place,-1,-1;microbrewe "microbrewe" true true false 254 Text 0 0 ,First,#,restaurantpoi,microbrewe,-1,-1,restaurantarea,microbrewe,-1,-1;building_5 "building_5" true true false 254 Text 0 0 ,First,#,restaurantpoi,building_5,-1,-1,restaurantarea,building_5,-1,-1;operator_t "operator_t" true true false 254 Text 0 0 ,First,#,restaurantpoi,operator_t,-1,-1,restaurantarea,operator_t,-1,-1;building_6 "building_6" true true false 254 Text 0 0 ,First,#,restaurantpoi,building_6,-1,-1,restaurantarea,building_6,-1,-1;building_o "building_o" true true false 254 Text 0 0 ,First,#,restaurantpoi,building_o,-1,-1,restaurantarea,building_o,-1,-1;building_s "building_s" true true false 254 Text 0 0 ,First,#,restaurantpoi,building_s,-1,-1,restaurantarea,building_s,-1,-1;building_7 "building_7" true true false 254 Text 0 0 ,First,#,restaurantpoi,building_7,-1,-1,restaurantarea,building_7,-1,-1;floor_mate "floor_mate" true true false 254 Text 0 0 ,First,#,restaurantpoi,floor_mate,-1,-1,restaurantarea,floor_mate,-1,-1;roof_mat_1 "roof_mat_1" true true false 254 Text 0 0 ,First,#,restaurantpoi,roof_mat_1,-1,-1,restaurantarea,roof_mat_1,-1,-1;shape_elev "shape_elev" true true false 254 Text 0 0 ,First,#,restaurantpoi,shape_elev,-1,-1,restaurantarea,shape_elev,-1,-1;shape_plan "shape_plan" true true false 254 Text 0 0 ,First,#,restaurantpoi,shape_plan,-1,-1,restaurantarea,shape_plan,-1,-1;website "website" true true false 254 Text 0 0 ,First,#,restaurantpoi,website,-1,-1,restaurantarea,website,-1,-1;opening__1 "opening__1" true true false 254 Text 0 0 ,First,#,restaurantpoi,opening__1,-1,-1,restaurantarea,opening__1,-1,-1;delivery "delivery" true true false 254 Text 0 0 ,First,#,restaurantpoi,delivery,-1,-1,restaurantarea,delivery,-1,-1;kll_oid "kll_oid" true true false 254 Text 0 0 ,First,#,restaurantpoi,kll_oid,-1,-1,restaurantarea,kll_oid,-1,-1;outdoor_se "outdoor_se" true true false 254 Text 0 0 ,First,#,restaurantpoi,outdoor_se,-1,-1,restaurantarea,outdoor_se,-1,-1;takeaway "takeaway" true true false 254 Text 0 0 ,First,#,restaurantpoi,takeaway,-1,-1,restaurantarea,takeaway,-1,-1;capacity "capacity" true true false 254 Text 0 0 ,First,#,restaurantpoi,capacity,-1,-1,restaurantarea,capacity,-1,-1;sport "sport" true true false 254 Text 0 0 ,First,#,restaurantpoi,sport,-1,-1,restaurantarea,sport,-1,-1;phone "phone" true true false 254 Text 0 0 ,First,#,restaurantpoi,phone,-1,-1,restaurantarea,phone,-1,-1;operater "operater" true true false 254 Text 0 0 ,First,#,restaurantpoi,operater,-1,-1,restaurantarea,operater,-1,-1;descriptio "descriptio" true true false 254 Text 0 0 ,First,#,restaurantpoi,descriptio,-1,-1,restaurantarea,descriptio,-1,-1;email "email" true true false 254 Text 0 0 ,First,#,restaurantpoi,email,-1,-1,restaurantarea,email,-1,-1;payment_ca "payment_ca" true true false 254 Text 0 0 ,First,#,restaurantpoi,payment_ca,-1,-1,restaurantarea,payment_ca,-1,-1;payment_vi "payment_vi" true true false 254 Text 0 0 ,First,#,restaurantpoi,payment_vi,-1,-1,restaurantarea,payment_vi,-1,-1;contact_fa "contact_fa" true true false 254 Text 0 0 ,First,#,restaurantpoi,contact_fa,-1,-1,restaurantarea,contact_fa,-1,-1;leisure "leisure" true true false 254 Text 0 0 ,First,#,restaurantpoi,leisure,-1,-1,restaurantarea,leisure,-1,-1;addr_tole "addr_tole" true true false 254 Text 0 0 ,First,#,restaurantpoi,addr_tole,-1,-1,restaurantarea,addr_tole,-1,-1;addr_ward "addr_ward" true true false 254 Text 0 0 ,First,#,restaurantpoi,addr_ward,-1,-1,restaurantarea,addr_ward,-1,-1;name_ne "name_ne" true true false 254 Text 0 0 ,First,#,restaurantpoi,name_ne,-1,-1,restaurantarea,name_ne,-1,-1;highway "highway" true true false 254 Text 0 0 ,First,#,restaurantpoi,highway,-1,-1,restaurantarea,highway,-1,-1;baato_sear "baato_sear" true true false 254 Text 0 0 ,First,#,restaurantpoi,baato_sear,-1,-1,restaurantarea,baato_sear,-1,-1;alt_name "alt_name" true true false 254 Text 0 0 ,First,#,restaurantpoi,alt_name,-1,-1,restaurantarea,alt_name,-1,-1;designatio "designatio" true true false 254 Text 0 0 ,First,#,restaurantpoi,designatio,-1,-1,restaurantarea,designatio,-1,-1;name_en "name_en" true true false 254 Text 0 0 ,First,#,restaurantpoi,name_en,-1,-1,restaurantarea,name_en,-1,-1;source_dat "source_dat" true true false 254 Text 0 0 ,First,#,restaurantpoi,source_dat,-1,-1,restaurantarea,source_dat,-1,-1;name_uk "name_uk" true true false 254 Text 0 0 ,First,#,restaurantpoi,name_uk,-1,-1,restaurantarea,name_uk,-1,-1;shop "shop" true true false 254 Text 0 0 ,First,#,restaurantpoi,shop,-1,-1,restaurantarea,shop,-1,-1;operator "operator" true true false 254 Text 0 0 ,First,#,restaurantpoi,operator,-1,-1,restaurantarea,operator,-1,-1;name_es "name_es" true true false 254 Text 0 0 ,First,#,restaurantpoi,name_es,-1,-1,restaurantarea,name_es,-1,-1;name_it "name_it" true true false 254 Text 0 0 ,First,#,restaurantpoi,name_it,-1,-1,restaurantarea,name_it,-1,-1;F_id_1 "F_id_1" true true false 254 Text 0 0 ,First,#,restaurantarea,@id,-1,-1"</Process><Process ToolSource="c:\program files (x86)\arcgis\desktop10.5\ArcToolbox\Toolboxes\Analysis Tools.tbx\Clip" Date="20201214" Time="123038">Clip restaurantpoi_Merge "Kathmandu Valley" "C:\Users\Roshan\Desktop\C2M2\Shapefiles\Final Files\Restaurant.shp" #</Process></lineage></DataProperties><SyncDate>20201214</SyncDate><SyncTime>12303600</SyncTime><ModDate>20201214</ModDate><ModTime>12303600</ModTime></Esri><dataIdInfo><envirDesc Sync="TRUE"> Version 6.2 (Build 9200) ; Esri ArcGIS 10.5.0.6491</envirDesc><dataLang><languageCode value="eng" Sync="TRUE"></languageCode><countryCode value="USA" Sync="TRUE"></countryCode></dataLang><idCitation><resTitle Sync="TRUE">Restaurant</resTitle><presForm><PresFormCd value="005" Sync="TRUE"></PresFormCd></presForm></idCitation><spatRpType><SpatRepTypCd value="001" Sync="TRUE"></SpatRepTypCd></spatRpType></dataIdInfo><mdLang><languageCode value="eng" Sync="TRUE"></languageCode><countryCode value="USA" Sync="TRUE"></countryCode></mdLang><distInfo><distFormat><formatName Sync="TRUE">Shapefile</formatName></distFormat><distTranOps><transSize Sync="TRUE">0.000</transSize></distTranOps></distInfo><mdHrLv><ScopeCd value="005" Sync="TRUE"></ScopeCd></mdHrLv><mdHrLvName Sync="TRUE">dataset</mdHrLvName><refSysInfo><RefSystem><refSysID><identCode code="4326" Sync="TRUE"></identCode><idCodeSpace Sync="TRUE">EPSG</idCodeSpace><idVersion Sync="TRUE">6.14(3.0.1)</idVersion></refSysID></RefSystem></refSysInfo><spatRepInfo><VectSpatRep><geometObjs Name="Restaurant"><geoObjTyp><GeoObjTypCd value="004" Sync="TRUE"></GeoObjTypCd></geoObjTyp><geoObjCnt Sync="TRUE">0</geoObjCnt></geometObjs><topLvl><TopoLevCd value="001" Sync="TRUE"></TopoLevCd></topLvl></VectSpatRep></spatRepInfo><spdoinfo><ptvctinf><esriterm Name="Restaurant"><efeatyp Sync="TRUE">Simple</efeatyp><efeageom code="1" Sync="TRUE"></efeageom><esritopo Sync="TRUE">FALSE</esritopo><efeacnt Sync="TRUE">0</efeacnt><spindex Sync="TRUE">FALSE</spindex><linrefer Sync="TRUE">FALSE</linrefer></esriterm></ptvctinf></spdoinfo><eainfo><detailed Name="Restaurant"><enttyp><enttypl Sync="TRUE">Restaurant</enttypl><enttypt Sync="TRUE">Feature Class</enttypt><enttypc Sync="TRUE">0</enttypc></enttyp><attr><attrlabl Sync="TRUE">FID</attrlabl><attalias Sync="TRUE">FID</attalias><attrtype Sync="TRUE">OID</attrtype><attwidth Sync="TRUE">4</attwidth><atprecis Sync="TRUE">0</atprecis><attscale Sync="TRUE">0</attscale><attrdef Sync="TRUE">Internal feature number.</attrdef><attrdefs Sync="TRUE">Esri</attrdefs><attrdomv><udom Sync="TRUE">Sequential unique whole numbers that are automatically generated.</udom></attrdomv></attr><attr><attrlabl Sync="TRUE">Shape</attrlabl><attalias Sync="TRUE">Shape</attalias><attrtype Sync="TRUE">Geometry</attrtype><attwidth Sync="TRUE">0</attwidth><atprecis Sync="TRUE">0</atprecis><attscale Sync="TRUE">0</attscale><attrdef Sync="TRUE">Feature geometry.</attrdef><attrdefs Sync="TRUE">Esri</attrdefs><attrdomv><udom Sync="TRUE">Coordinates defining the features.</udom></attrdomv></attr><attr><attrlabl Sync="TRUE">id</attrlabl><attalias Sync="TRUE">id</attalias><attrtype Sync="TRUE">String</attrtype><attwidth Sync="TRUE">254</attwidth><atprecis Sync="TRUE">0</atprecis><attscale Sync="TRUE">0</attscale></attr><attr><attrlabl Sync="TRUE">F_id</attrlabl><attalias Sync="TRUE">F_id</attalias><attrtype Sync="TRUE">String</attrtype><attwidth Sync="TRUE">254</attwidth><atprecis Sync="TRUE">0</atprecis><attscale Sync="TRUE">0</attscale></attr><attr><attrlabl Sync="TRUE">amenity</attrlabl><attalias Sync="TRUE">amenity</attalias><attrtype Sync="TRUE">String</attrtype><attwidth Sync="TRUE">254</attwidth><atprecis Sync="TRUE">0</atprecis><attscale Sync="TRUE">0</attscale></attr><attr><attrlabl Sync="TRUE">building</attrlabl><attalias Sync="TRUE">building</attalias><attrtype Sync="TRUE">String</attrtype><attwidth Sync="TRUE">254</attwidth><atprecis Sync="TRUE">0</atprecis><attscale Sync="TRUE">0</attscale></attr><attr><attrlabl Sync="TRUE">cuisine</attrlabl><attalias Sync="TRUE">cuisine</attalias><attrtype Sync="TRUE">String</attrtype><attwidth Sync="TRUE">254</attwidth><atprecis Sync="TRUE">0</atprecis><attscale Sync="TRUE">0</attscale></attr><attr><attrlabl Sync="TRUE">internet_a</attrlabl><attalias Sync="TRUE">internet_a</attalias><attrtype Sync="TRUE">String</attrtype><attwidth Sync="TRUE">254</attwidth><atprecis Sync="TRUE">0</atprecis><attscale Sync="TRUE">0</attscale></attr><attr><attrlabl Sync="TRUE">internet_1</attrlabl><attalias Sync="TRUE">internet_1</attalias><attrtype Sync="TRUE">String</attrtype><attwidth Sync="TRUE">254</attwidth><atprecis Sync="TRUE">0</atprecis><attscale Sync="TRUE">0</attscale></attr><attr><attrlabl Sync="TRUE">name</attrlabl><attalias Sync="TRUE">name</attalias><attrtype Sync="TRUE">String</attrtype><attwidth Sync="TRUE">254</attwidth><atprecis Sync="TRUE">0</atprecis><attscale Sync="TRUE">0</attscale></attr><attr><attrlabl Sync="TRUE">smoking</attrlabl><attalias Sync="TRUE">smoking</attalias><attrtype Sync="TRUE">String</attrtype><attwidth Sync="TRUE">254</attwidth><atprecis Sync="TRUE">0</atprecis><attscale Sync="TRUE">0</attscale></attr><attr><attrlabl Sync="TRUE">status</attrlabl><attalias Sync="TRUE">status</attalias><attrtype Sync="TRUE">String</attrtype><attwidth Sync="TRUE">254</attwidth><atprecis Sync="TRUE">0</atprecis><attscale Sync="TRUE">0</attscale></attr><attr><attrlabl Sync="TRUE">wheelchair</attrlabl><attalias Sync="TRUE">wheelchair</attalias><attrtype Sync="TRUE">String</attrtype><attwidth Sync="TRUE">254</attwidth><atprecis Sync="TRUE">0</atprecis><attscale Sync="TRUE">0</attscale></attr><attr><attrlabl Sync="TRUE">addr_city</attrlabl><attalias Sync="TRUE">addr_city</attalias><attrtype Sync="TRUE">String</attrtype><attwidth Sync="TRUE">254</attwidth><atprecis Sync="TRUE">0</atprecis><attscale Sync="TRUE">0</attscale></attr><attr><attrlabl Sync="TRUE">addr_count</attrlabl><attalias Sync="TRUE">addr_count</attalias><attrtype Sync="TRUE">String</attrtype><attwidth Sync="TRUE">254</attwidth><atprecis Sync="TRUE">0</atprecis><attscale Sync="TRUE">0</attscale></attr><attr><attrlabl Sync="TRUE">addr_stree</attrlabl><attalias Sync="TRUE">addr_stree</attalias><attrtype Sync="TRUE">String</attrtype><attwidth Sync="TRUE">254</attwidth><atprecis Sync="TRUE">0</atprecis><attscale Sync="TRUE">0</attscale></attr><attr><attrlabl Sync="TRUE">opening_ho</attrlabl><attalias Sync="TRUE">opening_ho</attalias><attrtype Sync="TRUE">String</attrtype><attwidth Sync="TRUE">254</attwidth><atprecis Sync="TRUE">0</atprecis><attscale Sync="TRUE">0</attscale></attr><attr><attrlabl Sync="TRUE">toilets_wh</attrlabl><attalias Sync="TRUE">toilets_wh</attalias><attrtype Sync="TRUE">String</attrtype><attwidth Sync="TRUE">254</attwidth><atprecis Sync="TRUE">0</atprecis><attscale Sync="TRUE">0</attscale></attr><attr><attrlabl Sync="TRUE">contact_ph</attrlabl><attalias Sync="TRUE">contact_ph</attalias><attrtype Sync="TRUE">String</attrtype><attwidth Sync="TRUE">254</attwidth><atprecis Sync="TRUE">0</atprecis><attscale Sync="TRUE">0</attscale></attr><attr><attrlabl Sync="TRUE">level</attrlabl><attalias Sync="TRUE">level</attalias><attrtype Sync="TRUE">String</attrtype><attwidth Sync="TRUE">254</attwidth><atprecis Sync="TRUE">0</atprecis><attscale Sync="TRUE">0</attscale></attr><attr><attrlabl Sync="TRUE">stars</attrlabl><attalias Sync="TRUE">stars</attalias><attrtype Sync="TRUE">String</attrtype><attwidth Sync="TRUE">254</attwidth><atprecis Sync="TRUE">0</atprecis><attscale Sync="TRUE">0</attscale></attr><attr><attrlabl Sync="TRUE">building_a</attrlabl><attalias Sync="TRUE">building_a</attalias><attrtype Sync="TRUE">String</attrtype><attwidth Sync="TRUE">254</attwidth><atprecis Sync="TRUE">0</atprecis><attscale Sync="TRUE">0</attscale></attr><attr><attrlabl Sync="TRUE">building_1</attrlabl><attalias Sync="TRUE">building_1</attalias><attrtype Sync="TRUE">String</attrtype><attwidth Sync="TRUE">254</attwidth><atprecis Sync="TRUE">0</atprecis><attscale Sync="TRUE">0</attscale></attr><attr><attrlabl Sync="TRUE">building_c</attrlabl><attalias Sync="TRUE">building_c</attalias><attrtype Sync="TRUE">String</attrtype><attwidth Sync="TRUE">254</attwidth><atprecis Sync="TRUE">0</atprecis><attscale Sync="TRUE">0</attscale></attr><attr><attrlabl Sync="TRUE">building_g</attrlabl><attalias Sync="TRUE">building_g</attalias><attrtype Sync="TRUE">String</attrtype><attwidth Sync="TRUE">254</attwidth><atprecis Sync="TRUE">0</atprecis><attscale Sync="TRUE">0</attscale></attr><attr><attrlabl Sync="TRUE">building_l</attrlabl><attalias Sync="TRUE">building_l</attalias><attrtype Sync="TRUE">String</attrtype><attwidth Sync="TRUE">254</attwidth><atprecis Sync="TRUE">0</atprecis><attscale Sync="TRUE">0</attscale></attr><attr><attrlabl Sync="TRUE">building_2</attrlabl><attalias Sync="TRUE">building_2</attalias><attrtype Sync="TRUE">String</attrtype><attwidth Sync="TRUE">254</attwidth><atprecis Sync="TRUE">0</atprecis><attscale Sync="TRUE">0</attscale></attr><attr><attrlabl Sync="TRUE">building_3</attrlabl><attalias Sync="TRUE">building_3</attalias><attrtype Sync="TRUE">String</attrtype><attwidth Sync="TRUE">254</attwidth><atprecis Sync="TRUE">0</atprecis><attscale Sync="TRUE">0</attscale></attr><attr><attrlabl Sync="TRUE">building_4</attrlabl><attalias Sync="TRUE">building_4</attalias><attrtype Sync="TRUE">String</attrtype><attwidth Sync="TRUE">254</attwidth><atprecis Sync="TRUE">0</atprecis><attscale Sync="TRUE">0</attscale></attr><attr><attrlabl Sync="TRUE">capacity_p</attrlabl><attalias Sync="TRUE">capacity_p</attalias><attrtype Sync="TRUE">String</attrtype><attwidth Sync="TRUE">254</attwidth><atprecis Sync="TRUE">0</atprecis><attscale Sync="TRUE">0</attscale></attr><attr><attrlabl Sync="TRUE">roof_mater</attrlabl><attalias Sync="TRUE">roof_mater</attalias><attrtype Sync="TRUE">String</attrtype><attwidth Sync="TRUE">254</attwidth><atprecis Sync="TRUE">0</atprecis><attscale Sync="TRUE">0</attscale></attr><attr><attrlabl Sync="TRUE">roof_shape</attrlabl><attalias Sync="TRUE">roof_shape</attalias><attrtype Sync="TRUE">String</attrtype><attwidth Sync="TRUE">254</attwidth><atprecis Sync="TRUE">0</atprecis><attscale Sync="TRUE">0</attscale></attr><attr><attrlabl Sync="TRUE">source</attrlabl><attalias Sync="TRUE">source</attalias><attrtype Sync="TRUE">String</attrtype><attwidth Sync="TRUE">254</attwidth><atprecis Sync="TRUE">0</atprecis><attscale Sync="TRUE">0</attscale></attr><attr><attrlabl Sync="TRUE">location</attrlabl><attalias Sync="TRUE">location</attalias><attrtype Sync="TRUE">String</attrtype><attwidth Sync="TRUE">254</attwidth><atprecis Sync="TRUE">0</atprecis><attscale Sync="TRUE">0</attscale></attr><attr><attrlabl Sync="TRUE">municipali</attrlabl><attalias Sync="TRUE">municipali</attalias><attrtype Sync="TRUE">String</attrtype><attwidth Sync="TRUE">254</attwidth><atprecis Sync="TRUE">0</atprecis><attscale Sync="TRUE">0</attscale></attr><attr><attrlabl Sync="TRUE">ward</attrlabl><attalias Sync="TRUE">ward</attalias><attrtype Sync="TRUE">String</attrtype><attwidth Sync="TRUE">254</attwidth><atprecis Sync="TRUE">0</atprecis><attscale Sync="TRUE">0</attscale></attr><attr><attrlabl Sync="TRUE">CONS_TYPE</attrlabl><attalias Sync="TRUE">CONS_TYPE</attalias><attrtype Sync="TRUE">String</attrtype><attwidth Sync="TRUE">254</attwidth><atprecis Sync="TRUE">0</atprecis><attscale Sync="TRUE">0</attscale></attr><attr><attrlabl Sync="TRUE">addr_house</attrlabl><attalias Sync="TRUE">addr_house</attalias><attrtype Sync="TRUE">String</attrtype><attwidth Sync="TRUE">254</attwidth><atprecis Sync="TRUE">0</atprecis><attscale Sync="TRUE">0</attscale></attr><attr><attrlabl Sync="TRUE">building_u</attrlabl><attalias Sync="TRUE">building_u</attalias><attrtype Sync="TRUE">String</attrtype><attwidth Sync="TRUE">254</attwidth><atprecis Sync="TRUE">0</atprecis><attscale Sync="TRUE">0</attscale></attr><attr><attrlabl Sync="TRUE">access</attrlabl><attalias Sync="TRUE">access</attalias><attrtype Sync="TRUE">String</attrtype><attwidth Sync="TRUE">254</attwidth><atprecis Sync="TRUE">0</atprecis><attscale Sync="TRUE">0</attscale></attr><attr><attrlabl Sync="TRUE">addr_place</attrlabl><attalias Sync="TRUE">addr_place</attalias><attrtype Sync="TRUE">String</attrtype><attwidth Sync="TRUE">254</attwidth><atprecis Sync="TRUE">0</atprecis><attscale Sync="TRUE">0</attscale></attr><attr><attrlabl Sync="TRUE">microbrewe</attrlabl><attalias Sync="TRUE">microbrewe</attalias><attrtype Sync="TRUE">String</attrtype><attwidth Sync="TRUE">254</attwidth><atprecis Sync="TRUE">0</atprecis><attscale Sync="TRUE">0</attscale></attr><attr><attrlabl Sync="TRUE">building_5</attrlabl><attalias Sync="TRUE">building_5</attalias><attrtype Sync="TRUE">String</attrtype><attwidth Sync="TRUE">254</attwidth><atprecis Sync="TRUE">0</atprecis><attscale Sync="TRUE">0</attscale></attr><attr><attrlabl Sync="TRUE">operator_t</attrlabl><attalias Sync="TRUE">operator_t</attalias><attrtype Sync="TRUE">String</attrtype><attwidth Sync="TRUE">254</attwidth><atprecis Sync="TRUE">0</atprecis><attscale Sync="TRUE">0</attscale></attr><attr><attrlabl Sync="TRUE">building_6</attrlabl><attalias Sync="TRUE">building_6</attalias><attrtype Sync="TRUE">String</attrtype><attwidth Sync="TRUE">254</attwidth><atprecis Sync="TRUE">0</atprecis><attscale Sync="TRUE">0</attscale></attr><attr><attrlabl Sync="TRUE">building_o</attrlabl><attalias Sync="TRUE">building_o</attalias><attrtype Sync="TRUE">String</attrtype><attwidth Sync="TRUE">254</attwidth><atprecis Sync="TRUE">0</atprecis><attscale Sync="TRUE">0</attscale></attr><attr><attrlabl Sync="TRUE">building_s</attrlabl><attalias Sync="TRUE">building_s</attalias><attrtype Sync="TRUE">String</attrtype><attwidth Sync="TRUE">254</attwidth><atprecis Sync="TRUE">0</atprecis><attscale Sync="TRUE">0</attscale></attr><attr><attrlabl Sync="TRUE">building_7</attrlabl><attalias Sync="TRUE">building_7</attalias><attrtype Sync="TRUE">String</attrtype><attwidth Sync="TRUE">254</attwidth><atprecis Sync="TRUE">0</atprecis><attscale Sync="TRUE">0</attscale></attr><attr><attrlabl Sync="TRUE">floor_mate</attrlabl><attalias Sync="TRUE">floor_mate</attalias><attrtype Sync="TRUE">String</attrtype><attwidth Sync="TRUE">254</attwidth><atprecis Sync="TRUE">0</atprecis><attscale Sync="TRUE">0</attscale></attr><attr><attrlabl Sync="TRUE">roof_mat_1</attrlabl><attalias Sync="TRUE">roof_mat_1</attalias><attrtype Sync="TRUE">String</attrtype><attwidth Sync="TRUE">254</attwidth><atprecis Sync="TRUE">0</atprecis><attscale Sync="TRUE">0</attscale></attr><attr><attrlabl Sync="TRUE">shape_elev</attrlabl><attalias Sync="TRUE">shape_elev</attalias><attrtype Sync="TRUE">String</attrtype><attwidth Sync="TRUE">254</attwidth><atprecis Sync="TRUE">0</atprecis><attscale Sync="TRUE">0</attscale></attr><attr><attrlabl Sync="TRUE">shape_plan</attrlabl><attalias Sync="TRUE">shape_plan</attalias><attrtype Sync="TRUE">String</attrtype><attwidth Sync="TRUE">254</attwidth><atprecis Sync="TRUE">0</atprecis><attscale Sync="TRUE">0</attscale></attr><attr><attrlabl Sync="TRUE">website</attrlabl><attalias Sync="TRUE">website</attalias><attrtype Sync="TRUE">String</attrtype><attwidth Sync="TRUE">254</attwidth><atprecis Sync="TRUE">0</atprecis><attscale Sync="TRUE">0</attscale></attr><attr><attrlabl Sync="TRUE">opening__1</attrlabl><attalias Sync="TRUE">opening__1</attalias><attrtype Sync="TRUE">String</attrtype><attwidth Sync="TRUE">254</attwidth><atprecis Sync="TRUE">0</atprecis><attscale Sync="TRUE">0</attscale></attr><attr><attrlabl Sync="TRUE">delivery</attrlabl><attalias Sync="TRUE">delivery</attalias><attrtype Sync="TRUE">String</attrtype><attwidth Sync="TRUE">254</attwidth><atprecis Sync="TRUE">0</atprecis><attscale Sync="TRUE">0</attscale></attr><attr><attrlabl Sync="TRUE">kll_oid</attrlabl><attalias Sync="TRUE">kll_oid</attalias><attrtype Sync="TRUE">String</attrtype><attwidth Sync="TRUE">254</attwidth><atprecis Sync="TRUE">0</atprecis><attscale Sync="TRUE">0</attscale></attr><attr><attrlabl Sync="TRUE">outdoor_se</attrlabl><attalias Sync="TRUE">outdoor_se</attalias><attrtype Sync="TRUE">String</attrtype><attwidth Sync="TRUE">254</attwidth><atprecis Sync="TRUE">0</atprecis><attscale Sync="TRUE">0</attscale></attr><attr><attrlabl Sync="TRUE">takeaway</attrlabl><attalias Sync="TRUE">takeaway</attalias><attrtype Sync="TRUE">String</attrtype><attwidth Sync="TRUE">254</attwidth><atprecis Sync="TRUE">0</atprecis><attscale Sync="TRUE">0</attscale></attr><attr><attrlabl Sync="TRUE">capacity</attrlabl><attalias Sync="TRUE">capacity</attalias><attrtype Sync="TRUE">String</attrtype><attwidth Sync="TRUE">254</attwidth><atprecis Sync="TRUE">0</atprecis><attscale Sync="TRUE">0</attscale></attr><attr><attrlabl Sync="TRUE">sport</attrlabl><attalias Sync="TRUE">sport</attalias><attrtype Sync="TRUE">String</attrtype><attwidth Sync="TRUE">254</attwidth><atprecis Sync="TRUE">0</atprecis><attscale Sync="TRUE">0</attscale></attr><attr><attrlabl Sync="TRUE">phone</attrlabl><attalias Sync="TRUE">phone</attalias><attrtype Sync="TRUE">String</attrtype><attwidth Sync="TRUE">254</attwidth><atprecis Sync="TRUE">0</atprecis><attscale Sync="TRUE">0</attscale></attr><attr><attrlabl Sync="TRUE">operater</attrlabl><attalias Sync="TRUE">operater</attalias><attrtype Sync="TRUE">String</attrtype><attwidth Sync="TRUE">254</attwidth><atprecis Sync="TRUE">0</atprecis><attscale Sync="TRUE">0</attscale></attr><attr><attrlabl Sync="TRUE">descriptio</attrlabl><attalias Sync="TRUE">descriptio</attalias><attrtype Sync="TRUE">String</attrtype><attwidth Sync="TRUE">254</attwidth><atprecis Sync="TRUE">0</atprecis><attscale Sync="TRUE">0</attscale></attr><attr><attrlabl Sync="TRUE">email</attrlabl><attalias Sync="TRUE">email</attalias><attrtype Sync="TRUE">String</attrtype><attwidth Sync="TRUE">254</attwidth><atprecis Sync="TRUE">0</atprecis><attscale Sync="TRUE">0</attscale></attr><attr><attrlabl Sync="TRUE">payment_ca</attrlabl><attalias Sync="TRUE">payment_ca</attalias><attrtype Sync="TRUE">String</attrtype><attwidth Sync="TRUE">254</attwidth><atprecis Sync="TRUE">0</atprecis><attscale Sync="TRUE">0</attscale></attr><attr><attrlabl Sync="TRUE">payment_vi</attrlabl><attalias Sync="TRUE">payment_vi</attalias><attrtype Sync="TRUE">String</attrtype><attwidth Sync="TRUE">254</attwidth><atprecis Sync="TRUE">0</atprecis><attscale Sync="TRUE">0</attscale></attr><attr><attrlabl Sync="TRUE">contact_fa</attrlabl><attalias Sync="TRUE">contact_fa</attalias><attrtype Sync="TRUE">String</attrtype><attwidth Sync="TRUE">254</attwidth><atprecis Sync="TRUE">0</atprecis><attscale Sync="TRUE">0</attscale></attr><attr><attrlabl Sync="TRUE">leisure</attrlabl><attalias Sync="TRUE">leisure</attalias><attrtype Sync="TRUE">String</attrtype><attwidth Sync="TRUE">254</attwidth><atprecis Sync="TRUE">0</atprecis><attscale Sync="TRUE">0</attscale></attr><attr><attrlabl Sync="TRUE">addr_tole</attrlabl><attalias Sync="TRUE">addr_tole</attalias><attrtype Sync="TRUE">String</attrtype><attwidth Sync="TRUE">254</attwidth><atprecis Sync="TRUE">0</atprecis><attscale Sync="TRUE">0</attscale></attr><attr><attrlabl Sync="TRUE">addr_ward</attrlabl><attalias Sync="TRUE">addr_ward</attalias><attrtype Sync="TRUE">String</attrtype><attwidth Sync="TRUE">254</attwidth><atprecis Sync="TRUE">0</atprecis><attscale Sync="TRUE">0</attscale></attr><attr><attrlabl Sync="TRUE">name_ne</attrlabl><attalias Sync="TRUE">name_ne</attalias><attrtype Sync="TRUE">String</attrtype><attwidth Sync="TRUE">254</attwidth><atprecis Sync="TRUE">0</atprecis><attscale Sync="TRUE">0</attscale></attr><attr><attrlabl Sync="TRUE">highway</attrlabl><attalias Sync="TRUE">highway</attalias><attrtype Sync="TRUE">String</attrtype><attwidth Sync="TRUE">254</attwidth><atprecis Sync="TRUE">0</atprecis><attscale Sync="TRUE">0</attscale></attr><attr><attrlabl Sync="TRUE">baato_sear</attrlabl><attalias Sync="TRUE">baato_sear</attalias><attrtype Sync="TRUE">String</attrtype><attwidth Sync="TRUE">254</attwidth><atprecis Sync="TRUE">0</atprecis><attscale Sync="TRUE">0</attscale></attr><attr><attrlabl Sync="TRUE">alt_name</attrlabl><attalias Sync="TRUE">alt_name</attalias><attrtype Sync="TRUE">String</attrtype><attwidth Sync="TRUE">254</attwidth><atprecis Sync="TRUE">0</atprecis><attscale Sync="TRUE">0</attscale></attr><attr><attrlabl Sync="TRUE">designatio</attrlabl><attalias Sync="TRUE">designatio</attalias><attrtype Sync="TRUE">String</attrtype><attwidth Sync="TRUE">254</attwidth><atprecis Sync="TRUE">0</atprecis><attscale Sync="TRUE">0</attscale></attr><attr><attrlabl Sync="TRUE">name_en</attrlabl><attalias Sync="TRUE">name_en</attalias><attrtype Sync="TRUE">String</attrtype><attwidth Sync="TRUE">254</attwidth><atprecis Sync="TRUE">0</atprecis><attscale Sync="TRUE">0</attscale></attr><attr><attrlabl Sync="TRUE">source_dat</attrlabl><attalias Sync="TRUE">source_dat</attalias><attrtype Sync="TRUE">String</attrtype><attwidth Sync="TRUE">254</attwidth><atprecis Sync="TRUE">0</atprecis><attscale Sync="TRUE">0</attscale></attr><attr><attrlabl Sync="TRUE">name_uk</attrlabl><attalias Sync="TRUE">name_uk</attalias><attrtype Sync="TRUE">String</attrtype><attwidth Sync="TRUE">254</attwidth><atprecis Sync="TRUE">0</atprecis><attscale Sync="TRUE">0</attscale></attr><attr><attrlabl Sync="TRUE">shop</attrlabl><attalias Sync="TRUE">shop</attalias><attrtype Sync="TRUE">String</attrtype><attwidth Sync="TRUE">254</attwidth><atprecis Sync="TRUE">0</atprecis><attscale Sync="TRUE">0</attscale></attr><attr><attrlabl Sync="TRUE">operator</attrlabl><attalias Sync="TRUE">operator</attalias><attrtype Sync="TRUE">String</attrtype><attwidth Sync="TRUE">254</attwidth><atprecis Sync="TRUE">0</atprecis><attscale Sync="TRUE">0</attscale></attr><attr><attrlabl Sync="TRUE">name_es</attrlabl><attalias Sync="TRUE">name_es</attalias><attrtype Sync="TRUE">String</attrtype><attwidth Sync="TRUE">254</attwidth><atprecis Sync="TRUE">0</atprecis><attscale Sync="TRUE">0</attscale></attr><attr><attrlabl Sync="TRUE">name_it</attrlabl><attalias Sync="TRUE">name_it</attalias><attrtype Sync="TRUE">String</attrtype><attwidth Sync="TRUE">254</attwidth><atprecis Sync="TRUE">0</atprecis><attscale Sync="TRUE">0</attscale></attr></detailed></eainfo><mdDateSt Sync="TRUE">20201214</mdDateSt></metadata>
