<metadata xml:lang="en"><Esri><CreaDate>20201214</CreaDate><CreaTime>16473800</CreaTime><ArcGISFormat>1.0</ArcGISFormat><SyncOnce>FALSE</SyncOnce><DataProperties><itemProps><itemName Sync="TRUE">Tours and travel</itemName><imsContentType Sync="TRUE">002</imsContentType><itemLocation><linkage Sync="TRUE">file://\\DESKTOP-SAT4CBN\C$\Users\Roshan\Desktop\C2M2\Shapefiles\Final Files\Tours and travel.shp</linkage><protocol Sync="TRUE">Local Area Network</protocol></itemLocation><itemSize Sync="TRUE">0.000</itemSize></itemProps><coordRef><type Sync="TRUE">Geographic</type><geogcsn Sync="TRUE">GCS_WGS_1984</geogcsn><csUnits Sync="TRUE">Angular Unit: Degree (0.017453)</csUnits><peXml Sync="TRUE">&lt;GeographicCoordinateSystem xsi:type='typens:GeographicCoordinateSystem' xmlns:xsi='http://www.w3.org/2001/XMLSchema-instance' xmlns:xs='http://www.w3.org/2001/XMLSchema' xmlns:typens='http://www.esri.com/schemas/ArcGIS/10.5'&gt;&lt;WKT&gt;GEOGCS[&amp;quot;GCS_WGS_1984&amp;quot;,DATUM[&amp;quot;D_WGS_1984&amp;quot;,SPHEROID[&amp;quot;WGS_1984&amp;quot;,6378137.0,298.257223563]],PRIMEM[&amp;quot;Greenwich&amp;quot;,0.0],UNIT[&amp;quot;Degree&amp;quot;,0.0174532925199433],AUTHORITY[&amp;quot;EPSG&amp;quot;,4326]]&lt;/WKT&gt;&lt;XOrigin&gt;-400&lt;/XOrigin&gt;&lt;YOrigin&gt;-400&lt;/YOrigin&gt;&lt;XYScale&gt;11258999068426.238&lt;/XYScale&gt;&lt;ZOrigin&gt;-100000&lt;/ZOrigin&gt;&lt;ZScale&gt;10000&lt;/ZScale&gt;&lt;MOrigin&gt;-100000&lt;/MOrigin&gt;&lt;MScale&gt;10000&lt;/MScale&gt;&lt;XYTolerance&gt;8.983152841195215e-009&lt;/XYTolerance&gt;&lt;ZTolerance&gt;0.001&lt;/ZTolerance&gt;&lt;MTolerance&gt;0.001&lt;/MTolerance&gt;&lt;HighPrecision&gt;true&lt;/HighPrecision&gt;&lt;LeftLongitude&gt;-180&lt;/LeftLongitude&gt;&lt;WKID&gt;4326&lt;/WKID&gt;&lt;LatestWKID&gt;4326&lt;/LatestWKID&gt;&lt;/GeographicCoordinateSystem&gt;</peXml></coordRef><lineage><Process ToolSource="c:\program files (x86)\arcgis\desktop10.5\ArcToolbox\Toolboxes\Data Management Tools.tbx\Merge" Date="20201214" Time="164740">Merge travelagencypoi;travelagencyarea C:\Users\Roshan\Documents\ArcGIS\Default.gdb\travelagencypoi_Merge "id "id" true true false 254 Text 0 0 ,First,#,travelagencypoi,id,-1,-1,travelagencyarea,id,-1,-1;F_id "F_id" true true false 254 Text 0 0 ,First,#,travelagencypoi,@id,-1,-1,travelagencyarea,@id,-1,-1;building "building" true true false 254 Text 0 0 ,First,#,travelagencypoi,building,-1,-1,travelagencyarea,building,-1,-1;building_a "building_a" true true false 254 Text 0 0 ,First,#,travelagencypoi,building_a,-1,-1,travelagencyarea,building_a,-1,-1;building_g "building_g" true true false 254 Text 0 0 ,First,#,travelagencypoi,building_g,-1,-1,travelagencyarea,building_g,-1,-1;building_o "building_o" true true false 254 Text 0 0 ,First,#,travelagencypoi,building_o,-1,-1,travelagencyarea,building_o,-1,-1;building_s "building_s" true true false 254 Text 0 0 ,First,#,travelagencypoi,building_s,-1,-1,travelagencyarea,building_s,-1,-1;building_1 "building_1" true true false 254 Text 0 0 ,First,#,travelagencypoi,building_1,-1,-1,travelagencyarea,building_1,-1,-1;building_u "building_u" true true false 254 Text 0 0 ,First,#,travelagencypoi,building_u,-1,-1,travelagencyarea,building_u,-1,-1;floor_mate "floor_mate" true true false 254 Text 0 0 ,First,#,travelagencypoi,floor_mate,-1,-1,travelagencyarea,floor_mate,-1,-1;name "name" true true false 254 Text 0 0 ,First,#,travelagencypoi,name,-1,-1,travelagencyarea,name,-1,-1;roof_mater "roof_mater" true true false 254 Text 0 0 ,First,#,travelagencypoi,roof_mater,-1,-1,travelagencyarea,roof_mater,-1,-1;shape_elev "shape_elev" true true false 254 Text 0 0 ,First,#,travelagencypoi,shape_elev,-1,-1,travelagencyarea,shape_elev,-1,-1;shape_plan "shape_plan" true true false 254 Text 0 0 ,First,#,travelagencypoi,shape_plan,-1,-1,travelagencyarea,shape_plan,-1,-1;shop "shop" true true false 254 Text 0 0 ,First,#,travelagencypoi,shop,-1,-1,travelagencyarea,shop,-1,-1;status "status" true true false 254 Text 0 0 ,First,#,travelagencypoi,status,-1,-1,travelagencyarea,status,-1,-1;website "website" true true false 254 Text 0 0 ,First,#,travelagencypoi,website,-1,-1,travelagencyarea,website,-1,-1;building_l "building_l" true true false 254 Text 0 0 ,First,#,travelagencypoi,building_l,-1,-1,travelagencyarea,building_l,-1,-1;oid_1 "oid_1" true true false 254 Text 0 0 ,First,#,travelagencypoi,oid_1,-1,-1,travelagencyarea,oid_1,-1,-1;fixme "fixme" true true false 254 Text 0 0 ,First,#,travelagencypoi,fixme,-1,-1,travelagencyarea,fixme,-1,-1;addr_city "addr_city" true true false 254 Text 0 0 ,First,#,travelagencypoi,addr_city,-1,-1,travelagencyarea,addr_city,-1,-1;addr_stree "addr_stree" true true false 254 Text 0 0 ,First,#,travelagencypoi,addr_stree,-1,-1,travelagencyarea,addr_stree,-1,-1;addr_house "addr_house" true true false 254 Text 0 0 ,First,#,travelagencypoi,addr_house,-1,-1,travelagencyarea,addr_house,-1,-1;email "email" true true false 254 Text 0 0 ,First,#,travelagencypoi,email,-1,-1,travelagencyarea,email,-1,-1;phone "phone" true true false 254 Text 0 0 ,First,#,travelagencypoi,phone,-1,-1,travelagencyarea,phone,-1,-1;descriptio "descriptio" true true false 254 Text 0 0 ,First,#,travelagencypoi,descriptio,-1,-1,travelagencyarea,descriptio,-1,-1;opening_ho "opening_ho" true true false 254 Text 0 0 ,First,#,travelagencypoi,opening_ho,-1,-1,travelagencyarea,opening_ho,-1,-1;level "level" true true false 254 Text 0 0 ,First,#,travelagencypoi,level,-1,-1,travelagencyarea,level,-1,-1;payment_ca "payment_ca" true true false 254 Text 0 0 ,First,#,travelagencypoi,payment_ca,-1,-1,travelagencyarea,payment_ca,-1,-1;tourism "tourism" true true false 254 Text 0 0 ,First,#,travelagencypoi,tourism,-1,-1,travelagencyarea,tourism,-1,-1;name_en "name_en" true true false 254 Text 0 0 ,First,#,travelagencypoi,name_en,-1,-1,travelagencyarea,name_en,-1,-1"</Process><Process ToolSource="c:\program files (x86)\arcgis\desktop10.5\ArcToolbox\Toolboxes\Analysis Tools.tbx\Clip" Date="20201214" Time="164809">Clip travelagencypoi_Merge "Kathmandu Valley" "C:\Users\Roshan\Desktop\C2M2\Shapefiles\Final Files\Tours and travel.shp" #</Process></lineage></DataProperties><SyncDate>20201214</SyncDate><SyncTime>16480800</SyncTime><ModDate>20201214</ModDate><ModTime>16480800</ModTime></Esri><dataIdInfo><envirDesc Sync="TRUE"> Version 6.2 (Build 9200) ; Esri ArcGIS 10.5.0.6491</envirDesc><dataLang><languageCode value="eng" Sync="TRUE"></languageCode><countryCode value="USA" Sync="TRUE"></countryCode></dataLang><idCitation><resTitle Sync="TRUE">Tours and travel</resTitle><presForm><PresFormCd value="005" Sync="TRUE"></PresFormCd></presForm></idCitation><spatRpType><SpatRepTypCd value="001" Sync="TRUE"></SpatRepTypCd></spatRpType></dataIdInfo><mdLang><languageCode value="eng" Sync="TRUE"></languageCode><countryCode value="USA" Sync="TRUE"></countryCode></mdLang><distInfo><distFormat><formatName Sync="TRUE">Shapefile</formatName></distFormat><distTranOps><transSize Sync="TRUE">0.000</transSize></distTranOps></distInfo><mdHrLv><ScopeCd value="005" Sync="TRUE"></ScopeCd></mdHrLv><mdHrLvName Sync="TRUE">dataset</mdHrLvName><refSysInfo><RefSystem><refSysID><identCode code="4326" Sync="TRUE"></identCode><idCodeSpace Sync="TRUE">EPSG</idCodeSpace><idVersion Sync="TRUE">6.14(3.0.1)</idVersion></refSysID></RefSystem></refSysInfo><spatRepInfo><VectSpatRep><geometObjs Name="Tours and travel"><geoObjTyp><GeoObjTypCd value="004" Sync="TRUE"></GeoObjTypCd></geoObjTyp><geoObjCnt Sync="TRUE">0</geoObjCnt></geometObjs><topLvl><TopoLevCd value="001" Sync="TRUE"></TopoLevCd></topLvl></VectSpatRep></spatRepInfo><spdoinfo><ptvctinf><esriterm Name="Tours and travel"><efeatyp Sync="TRUE">Simple</efeatyp><efeageom code="1" Sync="TRUE"></efeageom><esritopo Sync="TRUE">FALSE</esritopo><efeacnt Sync="TRUE">0</efeacnt><spindex Sync="TRUE">FALSE</spindex><linrefer Sync="TRUE">FALSE</linrefer></esriterm></ptvctinf></spdoinfo><eainfo><detailed Name="Tours and travel"><enttyp><enttypl Sync="TRUE">Tours and travel</enttypl><enttypt Sync="TRUE">Feature Class</enttypt><enttypc Sync="TRUE">0</enttypc></enttyp><attr><attrlabl Sync="TRUE">FID</attrlabl><attalias Sync="TRUE">FID</attalias><attrtype Sync="TRUE">OID</attrtype><attwidth Sync="TRUE">4</attwidth><atprecis Sync="TRUE">0</atprecis><attscale Sync="TRUE">0</attscale><attrdef Sync="TRUE">Internal feature number.</attrdef><attrdefs Sync="TRUE">Esri</attrdefs><attrdomv><udom Sync="TRUE">Sequential unique whole numbers that are automatically generated.</udom></attrdomv></attr><attr><attrlabl Sync="TRUE">Shape</attrlabl><attalias Sync="TRUE">Shape</attalias><attrtype Sync="TRUE">Geometry</attrtype><attwidth Sync="TRUE">0</attwidth><atprecis Sync="TRUE">0</atprecis><attscale Sync="TRUE">0</attscale><attrdef Sync="TRUE">Feature geometry.</attrdef><attrdefs Sync="TRUE">Esri</attrdefs><attrdomv><udom Sync="TRUE">Coordinates defining the features.</udom></attrdomv></attr><attr><attrlabl Sync="TRUE">id</attrlabl><attalias Sync="TRUE">id</attalias><attrtype Sync="TRUE">String</attrtype><attwidth Sync="TRUE">254</attwidth><atprecis Sync="TRUE">0</atprecis><attscale Sync="TRUE">0</attscale></attr><attr><attrlabl Sync="TRUE">F_id</attrlabl><attalias Sync="TRUE">F_id</attalias><attrtype Sync="TRUE">String</attrtype><attwidth Sync="TRUE">254</attwidth><atprecis Sync="TRUE">0</atprecis><attscale Sync="TRUE">0</attscale></attr><attr><attrlabl Sync="TRUE">building</attrlabl><attalias Sync="TRUE">building</attalias><attrtype Sync="TRUE">String</attrtype><attwidth Sync="TRUE">254</attwidth><atprecis Sync="TRUE">0</atprecis><attscale Sync="TRUE">0</attscale></attr><attr><attrlabl Sync="TRUE">building_a</attrlabl><attalias Sync="TRUE">building_a</attalias><attrtype Sync="TRUE">String</attrtype><attwidth Sync="TRUE">254</attwidth><atprecis Sync="TRUE">0</atprecis><attscale Sync="TRUE">0</attscale></attr><attr><attrlabl Sync="TRUE">building_g</attrlabl><attalias Sync="TRUE">building_g</attalias><attrtype Sync="TRUE">String</attrtype><attwidth Sync="TRUE">254</attwidth><atprecis Sync="TRUE">0</atprecis><attscale Sync="TRUE">0</attscale></attr><attr><attrlabl Sync="TRUE">building_o</attrlabl><attalias Sync="TRUE">building_o</attalias><attrtype Sync="TRUE">String</attrtype><attwidth Sync="TRUE">254</attwidth><atprecis Sync="TRUE">0</atprecis><attscale Sync="TRUE">0</attscale></attr><attr><attrlabl Sync="TRUE">building_s</attrlabl><attalias Sync="TRUE">building_s</attalias><attrtype Sync="TRUE">String</attrtype><attwidth Sync="TRUE">254</attwidth><atprecis Sync="TRUE">0</atprecis><attscale Sync="TRUE">0</attscale></attr><attr><attrlabl Sync="TRUE">building_1</attrlabl><attalias Sync="TRUE">building_1</attalias><attrtype Sync="TRUE">String</attrtype><attwidth Sync="TRUE">254</attwidth><atprecis Sync="TRUE">0</atprecis><attscale Sync="TRUE">0</attscale></attr><attr><attrlabl Sync="TRUE">building_u</attrlabl><attalias Sync="TRUE">building_u</attalias><attrtype Sync="TRUE">String</attrtype><attwidth Sync="TRUE">254</attwidth><atprecis Sync="TRUE">0</atprecis><attscale Sync="TRUE">0</attscale></attr><attr><attrlabl Sync="TRUE">floor_mate</attrlabl><attalias Sync="TRUE">floor_mate</attalias><attrtype Sync="TRUE">String</attrtype><attwidth Sync="TRUE">254</attwidth><atprecis Sync="TRUE">0</atprecis><attscale Sync="TRUE">0</attscale></attr><attr><attrlabl Sync="TRUE">name</attrlabl><attalias Sync="TRUE">name</attalias><attrtype Sync="TRUE">String</attrtype><attwidth Sync="TRUE">254</attwidth><atprecis Sync="TRUE">0</atprecis><attscale Sync="TRUE">0</attscale></attr><attr><attrlabl Sync="TRUE">roof_mater</attrlabl><attalias Sync="TRUE">roof_mater</attalias><attrtype Sync="TRUE">String</attrtype><attwidth Sync="TRUE">254</attwidth><atprecis Sync="TRUE">0</atprecis><attscale Sync="TRUE">0</attscale></attr><attr><attrlabl Sync="TRUE">shape_elev</attrlabl><attalias Sync="TRUE">shape_elev</attalias><attrtype Sync="TRUE">String</attrtype><attwidth Sync="TRUE">254</attwidth><atprecis Sync="TRUE">0</atprecis><attscale Sync="TRUE">0</attscale></attr><attr><attrlabl Sync="TRUE">shape_plan</attrlabl><attalias Sync="TRUE">shape_plan</attalias><attrtype Sync="TRUE">String</attrtype><attwidth Sync="TRUE">254</attwidth><atprecis Sync="TRUE">0</atprecis><attscale Sync="TRUE">0</attscale></attr><attr><attrlabl Sync="TRUE">shop</attrlabl><attalias Sync="TRUE">shop</attalias><attrtype Sync="TRUE">String</attrtype><attwidth Sync="TRUE">254</attwidth><atprecis Sync="TRUE">0</atprecis><attscale Sync="TRUE">0</attscale></attr><attr><attrlabl Sync="TRUE">status</attrlabl><attalias Sync="TRUE">status</attalias><attrtype Sync="TRUE">String</attrtype><attwidth Sync="TRUE">254</attwidth><atprecis Sync="TRUE">0</atprecis><attscale Sync="TRUE">0</attscale></attr><attr><attrlabl Sync="TRUE">website</attrlabl><attalias Sync="TRUE">website</attalias><attrtype Sync="TRUE">String</attrtype><attwidth Sync="TRUE">254</attwidth><atprecis Sync="TRUE">0</atprecis><attscale Sync="TRUE">0</attscale></attr><attr><attrlabl Sync="TRUE">building_l</attrlabl><attalias Sync="TRUE">building_l</attalias><attrtype Sync="TRUE">String</attrtype><attwidth Sync="TRUE">254</attwidth><atprecis Sync="TRUE">0</atprecis><attscale Sync="TRUE">0</attscale></attr><attr><attrlabl Sync="TRUE">oid_1</attrlabl><attalias Sync="TRUE">oid_1</attalias><attrtype Sync="TRUE">String</attrtype><attwidth Sync="TRUE">254</attwidth><atprecis Sync="TRUE">0</atprecis><attscale Sync="TRUE">0</attscale></attr><attr><attrlabl Sync="TRUE">fixme</attrlabl><attalias Sync="TRUE">fixme</attalias><attrtype Sync="TRUE">String</attrtype><attwidth Sync="TRUE">254</attwidth><atprecis Sync="TRUE">0</atprecis><attscale Sync="TRUE">0</attscale></attr><attr><attrlabl Sync="TRUE">addr_city</attrlabl><attalias Sync="TRUE">addr_city</attalias><attrtype Sync="TRUE">String</attrtype><attwidth Sync="TRUE">254</attwidth><atprecis Sync="TRUE">0</atprecis><attscale Sync="TRUE">0</attscale></attr><attr><attrlabl Sync="TRUE">addr_stree</attrlabl><attalias Sync="TRUE">addr_stree</attalias><attrtype Sync="TRUE">String</attrtype><attwidth Sync="TRUE">254</attwidth><atprecis Sync="TRUE">0</atprecis><attscale Sync="TRUE">0</attscale></attr><attr><attrlabl Sync="TRUE">addr_house</attrlabl><attalias Sync="TRUE">addr_house</attalias><attrtype Sync="TRUE">String</attrtype><attwidth Sync="TRUE">254</attwidth><atprecis Sync="TRUE">0</atprecis><attscale Sync="TRUE">0</attscale></attr><attr><attrlabl Sync="TRUE">email</attrlabl><attalias Sync="TRUE">email</attalias><attrtype Sync="TRUE">String</attrtype><attwidth Sync="TRUE">254</attwidth><atprecis Sync="TRUE">0</atprecis><attscale Sync="TRUE">0</attscale></attr><attr><attrlabl Sync="TRUE">phone</attrlabl><attalias Sync="TRUE">phone</attalias><attrtype Sync="TRUE">String</attrtype><attwidth Sync="TRUE">254</attwidth><atprecis Sync="TRUE">0</atprecis><attscale Sync="TRUE">0</attscale></attr><attr><attrlabl Sync="TRUE">descriptio</attrlabl><attalias Sync="TRUE">descriptio</attalias><attrtype Sync="TRUE">String</attrtype><attwidth Sync="TRUE">254</attwidth><atprecis Sync="TRUE">0</atprecis><attscale Sync="TRUE">0</attscale></attr><attr><attrlabl Sync="TRUE">opening_ho</attrlabl><attalias Sync="TRUE">opening_ho</attalias><attrtype Sync="TRUE">String</attrtype><attwidth Sync="TRUE">254</attwidth><atprecis Sync="TRUE">0</atprecis><attscale Sync="TRUE">0</attscale></attr><attr><attrlabl Sync="TRUE">level</attrlabl><attalias Sync="TRUE">level</attalias><attrtype Sync="TRUE">String</attrtype><attwidth Sync="TRUE">254</attwidth><atprecis Sync="TRUE">0</atprecis><attscale Sync="TRUE">0</attscale></attr><attr><attrlabl Sync="TRUE">payment_ca</attrlabl><attalias Sync="TRUE">payment_ca</attalias><attrtype Sync="TRUE">String</attrtype><attwidth Sync="TRUE">254</attwidth><atprecis Sync="TRUE">0</atprecis><attscale Sync="TRUE">0</attscale></attr><attr><attrlabl Sync="TRUE">tourism</attrlabl><attalias Sync="TRUE">tourism</attalias><attrtype Sync="TRUE">String</attrtype><attwidth Sync="TRUE">254</attwidth><atprecis Sync="TRUE">0</atprecis><attscale Sync="TRUE">0</attscale></attr><attr><attrlabl Sync="TRUE">name_en</attrlabl><attalias Sync="TRUE">name_en</attalias><attrtype Sync="TRUE">String</attrtype><attwidth Sync="TRUE">254</attwidth><atprecis Sync="TRUE">0</atprecis><attscale Sync="TRUE">0</attscale></attr></detailed></eainfo><mdDateSt Sync="TRUE">20201214</mdDateSt></metadata>
